song_id,avg_valence,std_valence,samples_valence,avg_arousal,std_arousal,samples_arousal,emotion_quadrant,valence_binary,arousal_binary,emotion_simple
2.0,-0.21551070000000008,0.10101627852148713,60,-0.19751742449999998,0.05954414505591706,60,sad_calm,0,0,neutral
3.0,-0.26585485166666667,0.04548852444669421,60,-0.19318692666666668,0.042549682527925986,60,sad_calm,0,0,neutral
4.0,0.1552096233333333,0.0462075582601316,60,0.24307226666666668,0.05591123344243584,60,happy_energetic,1,1,neutral
5.0,0.14015957833333334,0.02190642152294689,60,-0.23620671333333335,0.009379397971377953,60,peaceful_calm,1,0,neutral
7.0,0.33245465483333336,0.013028055516344785,60,0.37629201733333334,0.05371330106379654,60,happy_energetic,1,1,happy
8.0,-0.002103883333333333,0.02215883461309775,60,-0.13150633,0.015510295503291784,60,sad_calm,0,0,neutral
10.0,0.043041342499999996,0.053411275479439434,60,-0.17135073833333334,0.015987638699915336,60,peaceful_calm,1,0,neutral
12.0,0.34173288516666667,0.00873324855403274,60,0.28594437666666667,0.032810318060448436,60,happy_energetic,1,1,happy
13.0,-0.22726066166666667,0.016680835094793584,60,-0.32897048183333333,0.015917827736970844,60,sad_calm,0,0,neutral
17.0,0.17061281616666665,0.013363888029598158,60,0.031282247500000006,0.033984396687391,60,happy_energetic,1,1,neutral
18.0,-0.0389528165,0.0785464463641373,60,-0.15023335916666666,0.023323936024426513,60,sad_calm,0,0,neutral
19.0,-0.007974412666666665,0.04819172344152029,60,0.28086402383333336,0.018079800927816664,60,angry_energetic,0,1,neutral
20.0,0.33770381163333335,0.011211864514200634,60,0.04236654100000001,0.008572252274948651,60,happy_energetic,1,1,happy
21.0,0.33112627,0.006233024779946996,60,0.3923914049999999,0.011141332552548415,60,happy_energetic,1,1,happy
22.0,0.015111311666666665,0.00568130357127428,60,-0.1621970315333333,0.011071778142911133,60,peaceful_calm,1,0,neutral
24.0,-0.0642875775,0.06435404394959472,60,0.11721192666666667,0.0475466693545891,60,angry_energetic,0,1,neutral
25.0,-0.22426453833333335,0.06130784355033237,60,0.5398111516666667,0.02926852931029899,60,angry_energetic,0,1,neutral
31.0,-0.180511351,0.008888969028692193,60,0.07520286166666666,0.016812716830767634,60,angry_energetic,0,1,neutral
32.0,-0.17084383016666665,0.039009303556939316,60,-0.026168924083333333,0.017573985688485613,60,sad_calm,0,0,neutral
35.0,0.3826025733333333,0.03109940032038596,60,0.003022479999999999,0.033219895129243456,60,happy_energetic,1,1,happy
37.0,0.2643962931666667,0.03363433273125822,60,0.367635795,0.032600365520422336,60,happy_energetic,1,1,neutral
39.0,0.16083728116666665,0.02873651831765684,60,0.5890228000000001,0.027879609964870985,60,happy_energetic,1,1,neutral
40.0,0.07284366155000002,0.05288855391142301,60,-0.2262802836833333,0.08229778407520469,60,peaceful_calm,1,0,neutral
41.0,-0.084466682,0.03376972848103929,60,-0.17326141700000003,0.024580018242915547,60,sad_calm,0,0,neutral
42.0,0.003224863333333333,0.026064245978510914,60,0.30572099766666666,0.0037303643150753897,60,happy_energetic,1,1,neutral
43.0,-0.16293851833333334,0.05954133842323469,60,0.41415390333333335,0.013336270967590186,60,angry_energetic,0,1,neutral
44.0,-0.13433173988333333,0.014717745350146482,60,-0.2719601585,0.022530463988860935,60,sad_calm,0,0,neutral
45.0,-0.5195346500000001,0.048723186012693175,60,0.03722842333333333,0.02959268445534226,60,angry_energetic,0,1,sad
46.0,-0.21460538083333336,0.010039855445565985,60,0.1825337665,0.026679044374433893,60,angry_energetic,0,1,neutral
47.0,0.005324618833333333,0.009893858200969611,60,0.018036252333333336,0.006684116086373816,60,happy_energetic,1,1,neutral
48.0,0.06020623385,0.03678382712132789,60,0.0078989205,0.02515192563166648,60,happy_energetic,1,1,neutral
49.0,0.1674245365,0.020701492781041244,60,-0.034540386666666666,0.008484382438348446,60,peaceful_calm,1,0,neutral
50.0,0.008474507166666667,0.015881264073751507,60,-0.2529026466666667,0.05284296793424036,60,peaceful_calm,1,0,neutral
51.0,-0.12525166466666665,0.058139738547579964,60,-0.2591884675000001,0.057356485198395306,60,sad_calm,0,0,neutral
52.0,0.0752970611666667,0.03754514285589474,60,0.013501482666666668,0.017181942596673005,60,happy_energetic,1,1,neutral
53.0,-0.03943355831666668,0.012937869224553639,60,-0.07246181083333333,0.0296852198641584,60,sad_calm,0,0,neutral
54.0,-0.22879970866666666,0.03958563087361256,60,-0.22708165400000002,0.02687402968286627,60,sad_calm,0,0,neutral
55.0,0.131252528,0.02061335318727077,60,0.22288929833333332,0.004512328612866889,60,happy_energetic,1,1,neutral
56.0,0.1446977203333333,0.01812822016295569,60,0.2774594565,0.05716729534160033,60,happy_energetic,1,1,neutral
58.0,-0.12438164633333335,0.05242394642296584,60,-0.2804221945,0.011240069662269953,60,sad_calm,0,0,neutral
59.0,-0.12385456166666667,0.006714297706389741,60,0.315367865,0.016291114865265518,60,angry_energetic,0,1,neutral
60.0,0.22316677166666662,0.014908614678680373,60,0.07901733138333332,0.009799919366484394,60,happy_energetic,1,1,neutral
62.0,-0.19666789933333337,0.051265291784115,60,0.23222873833333332,0.013229678691614693,60,angry_energetic,0,1,neutral
64.0,0.009464444666666665,0.025000291693669865,60,-0.160779292345,0.020650027976300833,60,peaceful_calm,1,0,neutral
65.0,0.1327310225,0.016860059417280297,60,0.33603716138333334,0.026030069636053116,60,happy_energetic,1,1,neutral
67.0,0.30341456666666666,0.01623132145314183,60,0.489031275,0.02038328246301877,60,happy_energetic,1,1,happy
68.0,0.04002661166666666,0.008363095448040191,60,-0.08484709333333335,0.02457657557889963,60,peaceful_calm,1,0,neutral
69.0,-0.19779846304999998,0.02708668149691642,60,-0.3543706333333333,0.017707994986264138,60,sad_calm,0,0,neutral
70.0,-0.2214429526666667,0.00985358523151901,60,0.033058529999999996,0.01872711561953504,60,angry_energetic,0,1,neutral
71.0,-0.06820227590000001,0.034889880831220556,60,0.2035851273333333,0.038876228237444826,60,angry_energetic,0,1,neutral
72.0,0.19256874866666665,0.012898283520078874,60,0.58268833,0.054966326538052064,60,happy_energetic,1,1,neutral
73.0,0.1665487466666667,0.014328618414679374,60,0.3257987826666666,0.027532680450372358,60,happy_energetic,1,1,neutral
74.0,-0.07753805908333335,0.01861832862180521,60,-0.24904297666666667,0.015506949506940076,60,sad_calm,0,0,neutral
76.0,-0.3252540868333334,0.07610038832022441,60,-0.13248458,0.05887543192018722,60,sad_calm,0,0,sad
77.0,-0.3504940716666667,0.03410480750031727,60,-0.009511674833333332,0.01719414451734829,60,sad_calm,0,0,sad
78.0,-0.23726538516666668,0.02121290769170778,60,-0.33430587166666664,0.008491283376166637,60,sad_calm,0,0,neutral
79.0,0.18066573316666668,0.016247935348839403,60,0.24957053166666665,0.008731252638300565,60,happy_energetic,1,1,neutral
80.0,0.15682350166666664,0.01700367438503114,60,0.3220097353333333,0.00953208983582605,60,happy_energetic,1,1,neutral
81.0,-0.140781875,0.06252622948631757,60,0.30357222133333334,0.022839924688897693,60,angry_energetic,0,1,neutral
82.0,-0.30683919733333337,0.0356632272945386,60,-0.3487099666666667,0.017820004880252482,60,sad_calm,0,0,sad
83.0,0.17787589333333334,0.04208748958090305,60,0.39153183550000004,0.024229693729500613,60,happy_energetic,1,1,neutral
84.0,0.0325140415,0.02148513608474347,60,0.5117625633333333,0.02525274147123415,60,happy_energetic,1,1,neutral
85.0,0.29876908333333335,0.0065266815618445955,60,0.5691749835000001,0.020911627298331653,60,happy_energetic,1,1,neutral
86.0,0.27805686,0.029638365132648534,60,0.2682477275833334,0.08271041989230708,60,happy_energetic,1,1,neutral
87.0,-0.38111068824999994,0.09008305107684952,60,0.09570350000000001,0.029537187793474855,60,angry_energetic,0,1,sad
88.0,0.16039757753333334,0.08539569288522345,60,0.37746859333333327,0.056961304364658724,60,happy_energetic,1,1,neutral
89.0,-0.151625408,0.008806604936123568,60,-0.16943866766666668,0.0713569209616555,60,sad_calm,0,0,neutral
90.0,-0.027241378833333333,0.005237381156541912,60,-0.12778459816666665,0.07886704759926245,60,sad_calm,0,0,neutral
91.0,-0.0533544185,0.01889701746273115,60,-0.07605513066666666,0.017244753052251077,60,sad_calm,0,0,neutral
92.0,-0.027546947949999998,0.03070427560839374,60,0.35406291999999995,0.031460958338406245,60,angry_energetic,0,1,neutral
93.0,0.2820105541666667,0.007587839905803736,60,0.42098458333333344,0.04947550307047306,60,happy_energetic,1,1,neutral
95.0,0.008975288333333335,0.0710615146339232,60,-0.3940134016666667,0.021244115950512756,60,peaceful_calm,1,0,neutral
96.0,0.30267105333333333,0.042095967045207024,60,0.42030234050000004,0.023283271662812795,60,happy_energetic,1,1,happy
98.0,-0.47101962500000005,0.03889280698029147,60,0.12835469083333334,0.01553231184582206,60,angry_energetic,0,1,sad
99.0,-0.06275368483333334,0.021384711582052688,60,0.03224253071666667,0.012365021679694957,60,angry_energetic,0,1,neutral
101.0,-0.33000596333333326,0.059011516628490884,60,-0.19558299095000004,0.055299982472393976,60,sad_calm,0,0,sad
102.0,0.12741975233333333,0.011313339474843604,60,0.34081591833333336,0.032668025786842865,60,happy_energetic,1,1,neutral
103.0,-0.215939362,0.03289488437364609,60,0.2810304135,0.01704597361747399,60,angry_energetic,0,1,neutral
104.0,-0.3835948866666667,0.011088010143460765,60,0.42121263866666675,0.029159207731691568,60,angry_energetic,0,1,sad
105.0,0.08852522249999999,0.009284174398577512,60,0.3691186251333333,0.009660515337834524,60,happy_energetic,1,1,neutral
106.0,-0.20900315366666666,0.061393504247304886,60,0.000625166,0.03173798508043631,60,angry_energetic,0,1,neutral
107.0,-0.09131139066666667,0.0485626509082519,60,0.27382600166666665,0.022408669058406036,60,angry_energetic,0,1,neutral
108.0,-0.1260224435,0.01666613182574197,60,-0.0494307845,0.011939954234384015,60,sad_calm,0,0,neutral
109.0,0.020692081666666664,0.014678212177870433,60,0.023190790000000003,0.04220375276712052,60,happy_energetic,1,1,neutral
110.0,-0.36230851871666664,0.06794875714260969,60,-0.17315648333333333,0.052599895030180956,60,sad_calm,0,0,sad
111.0,0.010262562166666666,0.015665807623933627,60,0.10239537986666668,0.0147711872536598,60,happy_energetic,1,1,neutral
112.0,0.2802869493333333,0.020224445211714865,60,0.3628489511666667,0.012575388133487716,60,happy_energetic,1,1,neutral
113.0,-0.12332636533333334,0.027438035546107128,60,0.2505511498333333,0.012036773144760668,60,angry_energetic,0,1,neutral
114.0,0.26285432620000004,0.00681658302361532,60,0.14337917716666665,0.07708357504220571,60,happy_energetic,1,1,neutral
115.0,0.534416196,0.0565103419193945,60,0.64848414,0.08278299584219817,60,happy_energetic,1,1,happy
116.0,-0.1785957275,0.03649231352311568,60,-0.018377336,0.028698637026173167,60,sad_calm,0,0,neutral
117.0,0.15142602876666664,0.02069517563857153,60,-0.11475954116666666,0.05300639371066997,60,peaceful_calm,1,0,neutral
118.0,-0.0017833528333333329,0.012162187790996199,60,-0.05779281866666667,0.03766476712289915,60,sad_calm,0,0,neutral
119.0,-0.19936410016666664,0.07176198929459454,60,-0.05242625999999999,0.012321227433528419,60,sad_calm,0,0,neutral
120.0,-0.08283113461666665,0.035692239404097235,60,-0.13398898333333334,0.02224530089190499,60,sad_calm,0,0,neutral
121.0,-0.07697431816666665,0.0202134011950457,60,-0.38951492499999996,0.01413474237650649,60,sad_calm,0,0,neutral
122.0,-0.023281358999999998,0.00846533602756061,60,0.2786154433333333,0.009879221691272656,60,angry_energetic,0,1,neutral
123.0,0.2908612672166667,0.019012911414293125,60,0.33703324083333336,0.04039391554843907,60,happy_energetic,1,1,neutral
124.0,-0.3862388566666667,0.03550400943410648,60,-0.07532912916666668,0.04836364611002123,60,sad_calm,0,0,sad
125.0,-0.132393465,0.014694740879475952,60,-0.040653069833333326,0.023899134543852386,60,sad_calm,0,0,neutral
126.0,0.3256363283333333,0.015230025578147616,60,0.08019846666666666,0.02158872157344869,60,happy_energetic,1,1,happy
127.0,0.12975793566666666,0.034718427761970844,60,-0.47120757166666666,0.01884166474484223,60,peaceful_calm,1,0,neutral
128.0,-0.2315136473333333,0.01625492692847432,60,-0.3171107435666667,0.01695204002563029,60,sad_calm,0,0,neutral
129.0,0.294053562,0.012737385999453057,60,-0.09643837801666667,0.016307445612969682,60,peaceful_calm,1,0,neutral
130.0,-0.030708105350000004,0.05396637698872059,60,-0.22396552466666667,0.06939445055826482,60,sad_calm,0,0,neutral
131.0,-0.028091894883333326,0.04308680855485933,60,0.3207423448333333,0.07586359841184373,60,angry_energetic,0,1,neutral
133.0,-0.5931491433333334,0.033472495619116735,60,-0.36601079837250006,0.023602532388572853,60,sad_calm,0,0,sad
134.0,0.16022345916666667,0.04347699003454633,60,0.04075483883333334,0.06882358838560516,60,happy_energetic,1,1,neutral
135.0,-0.29041257216666677,0.023501095444725697,60,-0.11131620433333334,0.052544198038849424,60,sad_calm,0,0,neutral
136.0,0.2929338290666667,0.03547896218704611,60,0.466735555,0.021066984363021873,60,happy_energetic,1,1,neutral
137.0,0.21678148583333334,0.04228878174236202,60,-0.19537485166666665,0.0114761906032808,60,peaceful_calm,1,0,neutral
138.0,-0.430670685,0.04344471691146049,60,-0.09035304426666667,0.019952637377388803,60,sad_calm,0,0,sad
140.0,-0.1031298116666667,0.018034261582786357,60,0.010820495866666667,0.02570929197248332,60,angry_energetic,0,1,neutral
142.0,0.14020505683333334,0.019824747496599758,60,-0.008183967666666667,0.02967850310216046,60,peaceful_calm,1,0,neutral
143.0,0.019512624166666673,0.02134113893131685,60,-0.17757984683333336,0.033628888709366755,60,peaceful_calm,1,0,neutral
144.0,0.005317823333333334,0.014871996402331538,60,-0.35258819333333336,0.01604844381460777,60,peaceful_calm,1,0,neutral
145.0,0.08392771883333335,0.04349766006640388,60,-0.2957209551666667,0.0159281520299581,60,peaceful_calm,1,0,neutral
146.0,-0.22299651833333334,0.03161102992609537,60,-0.5630054466666666,0.033471949119884783,60,sad_calm,0,0,neutral
148.0,0.009061473333333332,0.006807005143033821,60,-0.0027887159999999992,0.04804452388099505,60,peaceful_calm,1,0,neutral
149.0,-0.32754041333333334,0.045580145528652666,60,-0.15487614596166668,0.03307295742240084,60,sad_calm,0,0,sad
150.0,0.038048058,0.07289005697740851,60,0.03861455266666667,0.04974131932249837,60,happy_energetic,1,1,neutral
151.0,-0.0659039185,0.04322209108465827,60,-0.3939487516666667,0.09416903462611881,60,sad_calm,0,0,neutral
152.0,-0.021208392281666662,0.020039061009737232,60,-0.09336195918333333,0.04759265573763546,60,sad_calm,0,0,neutral
153.0,0.03997538883333333,0.035830015193200664,60,-0.056512673900000004,0.047102579836634025,60,peaceful_calm,1,0,neutral
154.0,-0.09639886099999999,0.019698755149755588,60,-0.10303795466666665,0.011446042788348362,60,sad_calm,0,0,neutral
155.0,0.10845056233333335,0.012472314201512133,60,-0.2717422505,0.010474323984150866,60,peaceful_calm,1,0,neutral
156.0,0.3794380446666666,0.09607105079210722,60,0.4002199155000001,0.050441939911175716,60,happy_energetic,1,1,happy
157.0,0.3065266325,0.013520918927136895,60,-0.2652856,0.03698420552291658,60,peaceful_calm,1,0,happy
158.0,-0.24437064306666662,0.031694510048127914,60,-0.4453863811666666,0.04164529176951492,60,sad_calm,0,0,neutral
159.0,-0.32759186896666675,0.0551743799243597,60,-0.2352400333333333,0.048746722323306575,60,sad_calm,0,0,sad
160.0,-0.2517058563333333,0.03413190513502907,60,-0.2708306739333333,0.059748517715266326,60,sad_calm,0,0,neutral
161.0,-0.30054310683333335,0.028375311995232782,60,0.24280890403333333,0.1459624266122593,60,angry_energetic,0,1,sad
162.0,-0.018891387,0.018135783314378998,60,-0.1973249388333333,0.060710710427739796,60,sad_calm,0,0,neutral
163.0,-0.14353578900000005,0.031865871805626354,60,-0.07769768350000002,0.009772517895902232,60,sad_calm,0,0,neutral
164.0,-0.369360665,0.013584311033895255,60,-0.15600240566666665,0.018375605422750692,60,sad_calm,0,0,sad
166.0,-0.125115055,0.006989525867526709,60,-0.2547050248333333,0.01941621592001091,60,sad_calm,0,0,neutral
167.0,-0.20093580333333333,0.06284940416757337,60,-0.42663188333333335,0.040627609647267235,60,sad_calm,0,0,neutral
168.0,-0.21183602666666662,0.028316372033483073,60,-0.17087849866666666,0.040507344005255165,60,sad_calm,0,0,neutral
169.0,-0.39170670644500005,0.025193154949373058,60,-0.5045051178333334,0.038529351898624824,60,sad_calm,0,0,sad
170.0,-0.1719573759233333,0.019682766342742675,60,-0.4097484766666667,0.03881111112326541,60,sad_calm,0,0,neutral
171.0,-0.18579432616666666,0.013604120198638978,60,-0.45098157333333333,0.028888472693387967,60,sad_calm,0,0,neutral
172.0,-0.0165039625,0.018343327547225504,60,-0.183078418,0.021195492836936954,60,sad_calm,0,0,neutral
173.0,-0.4686455161666666,0.02517140068686525,60,-0.0654362375,0.050154557266470466,60,sad_calm,0,0,sad
174.0,-0.3077799766666666,0.05068481711950442,60,-0.11422541583333333,0.022256531161598484,60,sad_calm,0,0,sad
175.0,0.0529609985,0.02193264182305017,60,-0.17121221766666664,0.021826105480043875,60,peaceful_calm,1,0,neutral
176.0,-0.26411541266666666,0.025839246728842535,60,-0.5774332666666667,0.01910408803360044,60,sad_calm,0,0,neutral
177.0,0.1461108228833333,0.04032773605448907,60,0.045105427000000003,0.01993320463213833,60,happy_energetic,1,1,neutral
178.0,-0.13240142783333333,0.020276798196832594,60,-0.5048562499999999,0.008875998116315332,60,sad_calm,0,0,neutral
179.0,0.2720994041666666,0.05410686749782382,60,0.11127679583333333,0.020468464168558527,60,happy_energetic,1,1,neutral
180.0,0.24145956833333335,0.01256686533883837,60,0.06408026583333333,0.018256339411230307,60,happy_energetic,1,1,neutral
181.0,-0.44829398333333337,0.0627806826610149,60,-0.04822145343333333,0.03227063295046326,60,sad_calm,0,0,sad
182.0,-0.19683294445000002,0.027775414510574283,60,-0.4288116451666667,0.0381544161413437,60,sad_calm,0,0,neutral
184.0,-0.15515012700000003,0.07851736879458718,60,-0.134907115,0.02812652789832536,60,sad_calm,0,0,neutral
185.0,-0.17613116883333335,0.019315292537439178,60,-0.1785001586666667,0.10022288163751741,60,sad_calm,0,0,neutral
186.0,-0.1826943073333333,0.015959214526654275,60,-0.17949584873333338,0.03138752216783827,60,sad_calm,0,0,neutral
187.0,-0.25072409483333336,0.021317310479710652,60,-0.6443060533333332,0.009744033129415951,60,sad_calm,0,0,neutral
188.0,-0.20180703833333333,0.021484726397987104,60,-0.13686356411666664,0.0664327293463989,60,sad_calm,0,0,neutral
189.0,0.35519277766666674,0.0339607709773396,60,0.38248852333333333,0.03452433242601613,60,happy_energetic,1,1,happy
190.0,-0.28845681500000003,0.03703207380825809,60,-0.3165145883333334,0.026361436618465305,60,sad_calm,0,0,neutral
191.0,0.3166224483333334,0.035777741374614896,60,0.09387624793333332,0.016319408535745424,60,happy_energetic,1,1,happy
192.0,0.2505051083333333,0.011257592247224264,60,0.12705863833333333,0.01621609014900624,60,happy_energetic,1,1,neutral
193.0,-0.39461203666666667,0.023843883834175492,60,-0.08313046198333335,0.03774388529668952,60,sad_calm,0,0,sad
194.0,-0.101627407,0.01756352351608937,60,-0.36873916833333337,0.022193025063568145,60,sad_calm,0,0,neutral
195.0,-0.3548207716666667,0.014239344918804978,60,-0.24758966666666665,0.017600875867256022,60,sad_calm,0,0,sad
196.0,-0.046395073333333335,0.0200017843660915,60,-0.05017365018333333,0.028243305563982413,60,sad_calm,0,0,neutral
197.0,-0.36153111666666665,0.030567018324484788,60,-0.5837356365166667,0.014532441281944945,60,sad_calm,0,0,sad
198.0,-0.341698564,0.02483946805518053,60,-0.5637824583333334,0.06875660588215819,60,sad_calm,0,0,sad
199.0,0.07349585666666666,0.0401558798904775,60,0.112272645,0.06674925151430644,60,happy_energetic,1,1,neutral
201.0,0.19412959933333332,0.01636476355033632,60,-0.19107747416666668,0.015190950109682879,60,peaceful_calm,1,0,neutral
202.0,-0.0028420572833333336,0.013440699765656056,60,-0.07265095249999999,0.020070001343908496,60,sad_calm,0,0,neutral
203.0,0.08004471666666664,0.018508923265938216,60,-0.27612593633333327,0.012520506327884531,60,peaceful_calm,1,0,neutral
204.0,-0.4431190183333333,0.03363363272750701,60,0.010380704666666667,0.04408525256290307,60,angry_energetic,0,1,sad
205.0,-0.09637684666666667,0.018212222542178157,60,-0.44097936776666663,0.03443969018649501,60,sad_calm,0,0,neutral
206.0,-0.29764265116666666,0.10301769530047575,60,-0.44158338016666676,0.02490179215975713,60,sad_calm,0,0,neutral
207.0,0.0805333696666667,0.023502838016990345,60,0.08273340469833332,0.0312493668571683,60,happy_energetic,1,1,neutral
208.0,0.25498995366666666,0.026142143840909893,60,0.008467241666666665,0.008613968978647255,60,happy_energetic,1,1,neutral
209.0,-0.096031582,0.02977291306979454,60,-0.25538978125,0.026799970688843346,60,sad_calm,0,0,neutral
210.0,0.29606314966666664,0.04424298614376076,60,-0.33259047416666665,0.015584728909099795,60,peaceful_calm,1,0,neutral
211.0,0.06990112516666667,0.033802623089914996,60,-0.24825905833333334,0.053455825194990966,60,peaceful_calm,1,0,neutral
212.0,0.18397298586666666,0.016368359650765232,60,-0.0028389461666666663,0.029327104389811145,60,peaceful_calm,1,0,neutral
213.0,-0.522007217,0.06225586978894909,60,-0.40338952833333336,0.020813302158660393,60,sad_calm,0,0,sad
214.0,-0.07902165383333334,0.033566169084405656,60,-0.26561244166666664,0.06943194055944112,60,sad_calm,0,0,neutral
215.0,-0.4215982116666666,0.03959939960011217,60,-0.23937601666666664,0.01685852688372827,60,sad_calm,0,0,sad
216.0,0.025445060666666672,0.0785168479701087,60,-0.019453183333333332,0.025081350040931257,60,peaceful_calm,1,0,neutral
217.0,0.08721802633333331,0.020260929275446947,60,-0.26346694433333334,0.08928672633796636,60,peaceful_calm,1,0,neutral
218.0,-0.11942364073333335,0.03298768906666952,60,-0.38229350616666663,0.0429811525846152,60,sad_calm,0,0,neutral
219.0,-0.14005275083333332,0.04079481712082036,60,-0.2505092765,0.023436249897101625,60,sad_calm,0,0,neutral
220.0,-0.314723935,0.029701543287354748,60,-0.09541503916666666,0.05643156233592466,60,sad_calm,0,0,sad
221.0,-0.22458283333333331,0.07402765322218148,60,-0.14931642766666664,0.017870887160683465,60,sad_calm,0,0,neutral
222.0,-0.09596372466666665,0.026621762211563087,60,-0.4105414365000001,0.03833341561644061,60,sad_calm,0,0,neutral
223.0,-0.3054689853666667,0.014386832032653143,60,-0.5562095166666666,0.008551976702282867,60,sad_calm,0,0,sad
224.0,0.14919645500000003,0.03263097711196845,60,0.2601195018333333,0.013568638385007478,60,happy_energetic,1,1,neutral
225.0,-0.07078634333333333,0.03574470007028719,60,-0.29507195298333333,0.10549167167427974,60,sad_calm,0,0,neutral
226.0,0.011316160783333333,0.04998127034618363,60,0.08403138766666667,0.1589658261329466,60,happy_energetic,1,1,neutral
227.0,-0.3039513503333334,0.02548244348391855,60,-0.18851536916666672,0.09411516879038972,60,sad_calm,0,0,sad
228.0,-0.17462644300000005,0.014013301414854304,60,-0.25644511666666664,0.01609460449974014,60,sad_calm,0,0,neutral
229.0,0.07181649749999999,0.016747578501326552,60,0.00033479583333333364,0.019372798969315826,60,happy_energetic,1,1,neutral
231.0,0.19822115333333332,0.01392833364454708,60,-0.0036894582993333334,0.02530924498964073,60,peaceful_calm,1,0,neutral
232.0,-0.34348044566666674,0.041021606804811706,60,-0.49865324383333337,0.03729730850358312,60,sad_calm,0,0,sad
233.0,-0.005965147666666668,0.0427289090707571,60,0.09973866790000001,0.06720139703820126,60,angry_energetic,0,1,neutral
234.0,-0.07946702425116667,0.05705770689515996,60,-0.026311306333333333,0.07619519496094072,60,sad_calm,0,0,neutral
235.0,-0.16716164333333333,0.04812209503906831,60,-0.346574915,0.009890545075387659,60,sad_calm,0,0,neutral
236.0,-0.3713156671666667,0.055630067695884,60,-0.41680120649999997,0.03160185358502034,60,sad_calm,0,0,sad
237.0,-0.22508105281666665,0.04044049854736499,60,-0.22134373166666668,0.00943626554125963,60,sad_calm,0,0,neutral
238.0,-0.026680306666666664,0.03471336641911329,60,-0.41863709999999993,0.009806746644869881,60,sad_calm,0,0,neutral
239.0,-0.38734855361666665,0.007720985242366425,60,-0.6066683500000001,0.03933462583052621,60,sad_calm,0,0,sad
240.0,0.37084427200000003,0.024930290818063194,60,0.40397309549999993,0.10316304451983954,60,happy_energetic,1,1,happy
241.0,-0.08879869,0.007597167929733202,60,-0.18714269666666666,0.040536095566597465,60,sad_calm,0,0,neutral
242.0,-0.07570833348333335,0.02454053343718042,60,-0.3326927846666667,0.01972138176586388,60,sad_calm,0,0,neutral
243.0,-0.194540625,0.024314033209017552,60,0.49892595279999996,0.11148647333894238,60,angry_energetic,0,1,neutral
244.0,-0.07214806483333333,0.11948494406731279,60,-0.11523425366666666,0.09917025363626464,60,sad_calm,0,0,neutral
245.0,0.3926554,0.0045853446806101705,60,-0.15079098333333332,0.008070788736944418,60,peaceful_calm,1,0,happy
246.0,-0.2655816633333333,0.08052858457067687,60,-0.15752871733333335,0.02151933470105259,60,sad_calm,0,0,neutral
247.0,-0.030782854000000002,0.02297952024937772,60,-0.05331878811666666,0.018343167756891845,60,sad_calm,0,0,neutral
248.0,-0.3161672864999999,0.08904908736920736,60,-0.3704810494999999,0.027855064185417788,60,sad_calm,0,0,sad
250.0,-0.19875376149999996,0.06230022952203033,60,-0.23594563350000003,0.10651120399556223,60,sad_calm,0,0,neutral
253.0,-0.4621970143333333,0.044158145466891625,60,0.3699935616666667,0.020495213104951216,60,angry_energetic,0,1,sad
254.0,0.5451466166666668,0.06306994558057259,60,0.3127702466666667,0.058493278132341744,60,happy_energetic,1,1,happy
257.0,0.29314230166666666,0.04112863981926095,60,0.6687576833333334,0.015332185088338042,60,happy_energetic,1,1,neutral
258.0,-0.15064068816666668,0.01866734037942091,60,-0.07999483500000001,0.01361992622230171,60,sad_calm,0,0,neutral
260.0,-0.21264060333333334,0.018580161907430254,60,0.08580438466666666,0.08280797686215158,60,angry_energetic,0,1,neutral
262.0,0.4162512451666666,0.026485844203716854,60,0.26578574183333337,0.07104716745060485,60,happy_energetic,1,1,happy
264.0,0.145406661,0.019636349239452303,60,0.11024689999999998,0.02864505119400691,60,happy_energetic,1,1,neutral
265.0,0.21900787283333337,0.08110338690450507,60,-0.10441195233333334,0.043915986882643254,60,peaceful_calm,1,0,neutral
266.0,0.0604206505,0.03505339155036116,60,-0.17320334286666664,0.012536039057921744,60,peaceful_calm,1,0,neutral
269.0,0.060601858166666654,0.032823861664865873,60,-0.004156295166666667,0.020448887351100915,60,peaceful_calm,1,0,neutral
270.0,0.36511583,0.015312875398688737,60,0.2436414071666667,0.016957321438070057,60,happy_energetic,1,1,happy
272.0,0.30569060333333326,0.005782216027757488,60,0.18699269799999996,0.03255550762480857,60,happy_energetic,1,1,happy
273.0,0.4723384833333334,0.021440487994673123,60,0.153155745,0.007925048988606211,60,happy_energetic,1,1,happy
274.0,0.12541015566666666,0.0625956939721977,60,0.5748645688333334,0.04453041097137585,60,happy_energetic,1,1,neutral
275.0,0.16915433718333334,0.011910978958684851,60,0.22187447833333335,0.012194431818062044,60,happy_energetic,1,1,neutral
276.0,0.07721525333333333,0.052464469481144714,60,0.3163842499999999,0.06563158579793853,60,happy_energetic,1,1,neutral
278.0,-0.004153793033333334,0.01798353305484999,60,0.013298445,0.021727523449459406,60,angry_energetic,0,1,neutral
279.0,-0.023978012166666667,0.02592578433171226,60,-0.34308380666666666,0.029042525573561188,60,sad_calm,0,0,neutral
280.0,-0.3271456583333333,0.010564732656063626,60,-0.11578038333333333,0.010304899703687347,60,sad_calm,0,0,sad
281.0,0.36603916750666665,0.06015403224058759,60,0.15951756666666664,0.07211968692166439,60,happy_energetic,1,1,happy
282.0,-0.07927535499999999,0.015969264380776643,60,-0.2945038313666667,0.037718479196146994,60,sad_calm,0,0,neutral
284.0,0.10116922816666668,0.006779799099006669,60,-0.11881972501666667,0.07122130191580182,60,peaceful_calm,1,0,neutral
285.0,0.13142985383333333,0.06123279374782805,60,-0.18871082599999997,0.014153320898240243,60,peaceful_calm,1,0,neutral
286.0,0.46913991666666666,0.01570308418569599,60,0.13913108666666665,0.011755565772113603,60,happy_energetic,1,1,happy
288.0,0.21959124883333334,0.0387447075973863,60,-0.2049416398,0.05235935786522181,60,peaceful_calm,1,0,neutral
289.0,0.32020569084833334,0.03815331821108163,60,0.2190408566666667,0.03943142504694856,60,happy_energetic,1,1,happy
290.0,-0.08418964591666667,0.043530780713506294,60,-0.3420281816666667,0.11476682085733589,60,sad_calm,0,0,neutral
292.0,0.5656522166666667,0.02119158799075054,60,0.6135171666666664,0.02288576203098531,60,happy_energetic,1,1,happy
293.0,-0.16598738866666668,0.006861671235946205,60,0.32705338993499994,0.01513434598850667,60,angry_energetic,0,1,neutral
294.0,0.42259710000000006,0.02828394293275486,60,0.1969821666666667,0.04145671237333654,60,happy_energetic,1,1,happy
296.0,0.19965432349999995,0.03313107766004012,60,0.22575641000000005,0.061058293314918057,60,happy_energetic,1,1,neutral
297.0,-0.06943381500000001,0.04924063211170839,60,-0.3699462683333333,0.006791909347978957,60,sad_calm,0,0,neutral
298.0,0.17188373316666666,0.014023567089143981,60,-0.05117235533333333,0.01192091726051977,60,peaceful_calm,1,0,neutral
299.0,-0.14165090984999998,0.0171265117886806,60,-0.46253685000000005,0.015872205005212733,60,sad_calm,0,0,neutral
300.0,-0.0017068146666666664,0.030023054335748468,60,0.4062561166666667,0.027949105642710446,60,angry_energetic,0,1,neutral
301.0,-0.23980882900000003,0.031698507613045004,60,-0.1974146013333333,0.06930365094648945,60,sad_calm,0,0,neutral
302.0,0.35565891135,0.09110250803149642,60,0.32782501783333345,0.10575248415255703,60,happy_energetic,1,1,happy
303.0,0.2617758868333333,0.017062944659401405,60,0.47019596666666674,0.019485193394786257,60,happy_energetic,1,1,neutral
304.0,-0.11644968483333333,0.02347590916735931,60,-0.12290238591666666,0.037389131814417435,60,sad_calm,0,0,neutral
305.0,0.5101531616666667,0.024506721713229974,60,0.38729485,0.008200704227534366,60,happy_energetic,1,1,happy
306.0,0.3636579000000001,0.011774710543788328,60,0.16832322833333338,0.010567988747298635,60,happy_energetic,1,1,happy
307.0,0.4537628333333334,0.02581348016519448,60,0.26934335688333333,0.039082451843903986,60,happy_energetic,1,1,happy
308.0,0.31536912785,0.026350401970325423,60,-0.06756520671183333,0.014807222286045705,60,peaceful_calm,1,0,happy
309.0,0.20215948855000002,0.03732481111558401,60,0.1264675542,0.02611470511719799,60,happy_energetic,1,1,neutral
310.0,-0.30211363033333344,0.041894857075878617,60,-0.4869366683333334,0.015924523757415706,60,sad_calm,0,0,sad
311.0,0.31121495633333335,0.03192012069833231,60,0.23614307183333333,0.025820313797769286,60,happy_energetic,1,1,happy
312.0,0.18356902833333333,0.013120397404856451,60,-0.03172731833333334,0.06009199661983419,60,peaceful_calm,1,0,neutral
313.0,0.17952634483333335,0.014177932601684855,60,-0.2173400105,0.020463642295938538,60,peaceful_calm,1,0,neutral
314.0,0.21406651333333332,0.036133868955678626,60,0.3157591288333333,0.03014018954528516,60,happy_energetic,1,1,neutral
315.0,0.45589678666666666,0.01096041929537775,60,0.29677366833333335,0.019343147710524367,60,happy_energetic,1,1,happy
316.0,-0.22124074183333337,0.03334911378155275,60,-0.3906611126666667,0.03331356604912464,60,sad_calm,0,0,neutral
317.0,-0.04781349133333335,0.025051934003630833,60,0.2991788233333333,0.027830284449201294,60,angry_energetic,0,1,neutral
318.0,0.25225736,0.013487483168666667,60,0.3773671083333333,0.025332434722257366,60,happy_energetic,1,1,neutral
319.0,0.13713982549999998,0.028532173123775522,60,-0.1140255065,0.021718179924471098,60,peaceful_calm,1,0,neutral
320.0,0.3808119058333333,0.01924822272554519,60,0.6281176166666664,0.020866845761566336,60,happy_energetic,1,1,happy
321.0,0.16213470166666666,0.04354362597982733,60,0.46710455999999995,0.038897107737269274,60,happy_energetic,1,1,neutral
322.0,0.44313063333333336,0.01287224717362469,60,0.273292835,0.008535882082925486,60,happy_energetic,1,1,happy
323.0,0.24341060751666665,0.02369897916232231,60,0.0036961935,0.03098936603581783,60,happy_energetic,1,1,neutral
324.0,-0.04541023349999999,0.01234144107356509,60,-0.2751625333333333,0.009498375851457741,60,sad_calm,0,0,neutral
325.0,0.16080249383333337,0.04347087476052999,60,0.319716475,0.024062037060431345,60,happy_energetic,1,1,neutral
326.0,0.4209805428333333,0.045030395973130716,60,0.16773247499999996,0.02339203576504636,60,happy_energetic,1,1,happy
327.0,0.44521714500000004,0.0156157843499286,60,0.33327067928333337,0.011522727387716775,60,happy_energetic,1,1,happy
328.0,-0.18567551533333332,0.0073330315505886244,60,0.15373288616666667,0.011078969989363498,60,angry_energetic,0,1,neutral
329.0,-0.19679942809999998,0.012687727713021233,60,-0.37325661716666675,0.0417210880112076,60,sad_calm,0,0,neutral
330.0,-0.3785861916666667,0.02481937649331863,60,0.3337684773333333,0.019798852141648168,60,angry_energetic,0,1,sad
332.0,0.3563874,0.00874059457779237,60,0.18158315666666663,0.016027148204129215,60,happy_energetic,1,1,happy
333.0,0.09726372966666667,0.012349460472393515,60,0.47803439999999997,0.020641824472172995,60,happy_energetic,1,1,neutral
334.0,0.17551941666666668,0.00875062672190144,60,0.3409571396666666,0.01341045455350041,60,happy_energetic,1,1,neutral
335.0,0.39755322,0.03341400636968376,60,0.48159913499999996,0.017671389845602837,60,happy_energetic,1,1,happy
336.0,0.30203986166666674,0.03788049676794156,60,0.22802992,0.027806118896139872,60,happy_energetic,1,1,happy
338.0,-0.18861687333333332,0.04242626518772644,60,-0.20606563100000003,0.07206670193980083,60,sad_calm,0,0,neutral
339.0,0.41684461666666667,0.008676237661705038,60,0.3042559333333334,0.03036210947429195,60,happy_energetic,1,1,happy
340.0,-0.06250285938333335,0.02260432276776239,60,-0.31388093666666655,0.011507568916716894,60,sad_calm,0,0,neutral
341.0,-0.020963832166666672,0.01969389534003571,60,-0.14609265433333332,0.030062367770786858,60,sad_calm,0,0,neutral
342.0,0.11019739499999999,0.027994493200374396,60,-0.20473385291666668,0.011386763579675609,60,peaceful_calm,1,0,neutral
343.0,0.6151950783333332,0.036761242472220165,60,0.3626637999999999,0.04603487360534403,60,happy_energetic,1,1,happy
344.0,0.026241428083333334,0.02067156700276175,60,-0.08499346666666667,0.014049815594835716,60,peaceful_calm,1,0,neutral
345.0,0.24376179000000003,0.029461998155843064,60,0.5040550798333333,0.032876576777892005,60,happy_energetic,1,1,neutral
346.0,0.43239967516666666,0.02479430115056317,60,0.40351964516666666,0.017437098415022157,60,happy_energetic,1,1,happy
347.0,0.21734887133333333,0.010254248724592237,60,-0.11730932833333334,0.00945193709123676,60,peaceful_calm,1,0,neutral
348.0,0.23204773633333334,0.03495048048637887,60,0.10975433516666667,0.021650205163770656,60,happy_energetic,1,1,neutral
349.0,0.2599215866666667,0.0590607231018677,60,-0.22918521666666664,0.043698292207747916,60,peaceful_calm,1,0,neutral
350.0,0.38880607999999994,0.021131056651421856,60,0.24122096166666662,0.018510543280313624,60,happy_energetic,1,1,happy
352.0,0.011774649333333335,0.026857710865568624,60,0.15017304200000003,0.009383086059640649,60,happy_energetic,1,1,neutral
353.0,-0.05112457566666668,0.021181353483317455,60,-0.17225837666666668,0.008841943647701123,60,sad_calm,0,0,neutral
354.0,0.257136269,0.017317451513290453,60,0.4741387633333334,0.036151634730165694,60,happy_energetic,1,1,neutral
355.0,0.4122101155,0.012630627896891013,60,0.11100292433333335,0.006029082586861887,60,happy_energetic,1,1,happy
356.0,0.2978037966666666,0.0069920569536192695,60,0.037692788666666664,0.00814601601003633,60,happy_energetic,1,1,neutral
357.0,0.3139124083333334,0.022258865104277676,60,0.09821429566666666,0.01663346415765042,60,happy_energetic,1,1,happy
358.0,-0.07939506983333332,0.023271795530444683,60,0.16417252866666665,0.015172587302900196,60,angry_energetic,0,1,neutral
359.0,-0.21255164718333336,0.017024988760061806,60,-0.4722337653333334,0.0243281646610913,60,sad_calm,0,0,neutral
360.0,-0.07290103066666667,0.008272333919520508,60,-0.5115256349999999,0.012351829849052389,60,sad_calm,0,0,neutral
361.0,-0.29582914666666665,0.030945823101653353,60,-0.46102298333333336,0.012033699451251696,60,sad_calm,0,0,neutral
362.0,0.2712895533333333,0.013513990603278108,60,-0.09774669401666666,0.017995777338732935,60,peaceful_calm,1,0,neutral
364.0,0.4354458008333334,0.013228293055074326,60,0.08915003483333334,0.06899936840019302,60,happy_energetic,1,1,happy
365.0,0.3083813825,0.08270087797135772,60,0.28782910921666666,0.05791039055432346,60,happy_energetic,1,1,happy
366.0,0.19423613116666666,0.011821324955084504,60,0.5049149198333333,0.0196320700625876,60,happy_energetic,1,1,neutral
367.0,-0.3441220166666667,0.015387551319266352,60,-0.39251619700000007,0.024013280668954785,60,sad_calm,0,0,sad
368.0,0.22364134133333333,0.05132728417891727,60,-0.03752766531666666,0.02463231970529048,60,peaceful_calm,1,0,neutral
369.0,-0.3160907221666667,0.051037278890013554,60,-0.454893731,0.03395219815514801,60,sad_calm,0,0,sad
370.0,-0.185989975,0.04554780990484843,60,-0.14245628466666665,0.022742303731504532,60,sad_calm,0,0,neutral
371.0,0.24534177999999998,0.010007058470579653,60,0.088027715,0.017757928266690957,60,happy_energetic,1,1,neutral
372.0,-0.10076344166666669,0.035514938417522714,60,-0.2701466828333334,0.019619225090398457,60,sad_calm,0,0,neutral
374.0,-0.0061976350000000026,0.03718975089733203,60,0.4801409566666666,0.025816638551635438,60,angry_energetic,0,1,neutral
375.0,-0.35733542999999995,0.03008211900730537,60,-0.5815822666666667,0.01737614227311561,60,sad_calm,0,0,sad
376.0,0.23263796750000004,0.02364388904905449,60,0.13387317286666664,0.044073582850438706,60,happy_energetic,1,1,neutral
378.0,0.26121645,0.017230827720904764,60,0.31516809785000005,0.046001092698951765,60,happy_energetic,1,1,neutral
379.0,-0.4043349268333333,0.00919644623398762,60,-0.6023330816666667,0.006172956598273136,60,sad_calm,0,0,sad
380.0,0.109279,0.006160969242578637,60,0.16242999333333333,0.040311639994580005,60,happy_energetic,1,1,neutral
381.0,0.2933294183333333,0.013033176559770989,60,0.26372190683333335,0.013308230845686749,60,happy_energetic,1,1,neutral
383.0,-0.07550617506666667,0.04736215383485412,60,-0.06404304383333333,0.029250043635880105,60,sad_calm,0,0,neutral
384.0,-0.13455388683333333,0.040563514278705005,60,-0.1329879535,0.012738521213432878,60,sad_calm,0,0,neutral
386.0,0.1705640300666667,0.016572320516904028,60,0.20948095749999995,0.06930573519194709,60,happy_energetic,1,1,neutral
387.0,0.25204515816666667,0.12069152520583179,60,0.1501258216666667,0.12755879621947888,60,happy_energetic,1,1,neutral
390.0,0.24148328216666665,0.01882018217204163,60,0.3225509902333333,0.02779360351820279,60,happy_energetic,1,1,neutral
391.0,0.24132429066666664,0.030776684910762013,60,0.2751688493333333,0.030015748317122788,60,happy_energetic,1,1,neutral
392.0,0.026098792733333338,0.007523520378626183,60,-0.11803530466666666,0.010857807759185777,60,peaceful_calm,1,0,neutral
393.0,0.23651015733333333,0.03377503087366173,60,0.26152192766666665,0.01567683836337633,60,happy_energetic,1,1,neutral
395.0,0.36926258266666667,0.01044611739937505,60,0.3943595454,0.046185336807388795,60,happy_energetic,1,1,happy
397.0,0.42161559,0.02722938742961178,60,0.5063488616666667,0.03024578971706691,60,happy_energetic,1,1,happy
399.0,0.31079497896666664,0.06860592675886171,60,0.3703827281666667,0.10985789561913434,60,happy_energetic,1,1,happy
400.0,0.07328975186166667,0.0760394517878265,60,-0.0031753690000000043,0.12665203609907155,60,peaceful_calm,1,0,neutral
401.0,0.3210880195,0.08065973667347436,60,0.14701125599999998,0.042803993468854565,60,happy_energetic,1,1,happy
402.0,0.47403689016666667,0.032551123592826074,60,0.4874548000000001,0.01656437219828549,60,happy_energetic,1,1,happy
403.0,0.1053804725,0.06299560693665528,60,-0.07713716316666666,0.08683713115355753,60,peaceful_calm,1,0,neutral
404.0,0.3230910473666667,0.04572588137890692,60,0.4127528645,0.049589370512345604,60,happy_energetic,1,1,happy
405.0,0.437130595,0.007291524103972252,60,0.2644948428333333,0.016941662568149767,60,happy_energetic,1,1,happy
406.0,-0.0273384214,0.08914416952294427,60,0.23139374000000001,0.04741333040134811,60,angry_energetic,0,1,neutral
407.0,-0.014344806833333335,0.050286459306453674,60,-0.022532150199999997,0.01187521093740187,60,sad_calm,0,0,neutral
408.0,0.24175587025,0.032989331881919985,60,0.32575614733333336,0.019750703812698913,60,happy_energetic,1,1,neutral
410.0,-0.02973060066666667,0.02447197469565727,60,-0.4379734583333334,0.010551849376930591,60,sad_calm,0,0,neutral
415.0,0.0574069085,0.010111230921908044,60,0.22399957500000003,0.01720374327005245,60,happy_energetic,1,1,neutral
416.0,0.14696365525,0.026613325884771295,60,0.13537832775,0.04319147308002322,60,happy_energetic,1,1,neutral
419.0,-0.08000241166666666,0.01878604022752517,60,-0.3708951873333334,0.023607399775504707,60,sad_calm,0,0,neutral
420.0,0.09663020666666666,0.016062522219368464,60,-0.04982041950000001,0.02143428142130785,60,peaceful_calm,1,0,neutral
422.0,-0.3444487116666667,0.014875061010744255,60,-0.4230966561666667,0.03573352329332117,60,sad_calm,0,0,sad
423.0,-0.01668721983333333,0.016566176292283977,60,0.21077674331666665,0.01857295531554155,60,angry_energetic,0,1,neutral
425.0,0.3480146833333333,0.03105116244495616,60,0.45259214333333336,0.03646807252830146,60,happy_energetic,1,1,happy
426.0,0.05260886383333333,0.007403708047491268,60,0.15625921516666666,0.03681391533460509,60,happy_energetic,1,1,neutral
427.0,0.1405499218333333,0.016988007343637992,60,0.1559513918333333,0.011293492988307839,60,happy_energetic,1,1,neutral
428.0,0.13306296333333334,0.10576046893515707,60,0.3863370257833333,0.02484334993665225,60,happy_energetic,1,1,neutral
429.0,-0.10090849,0.006543590060680248,60,-0.2250591898333333,0.011850012821774988,60,sad_calm,0,0,neutral
430.0,-0.17129792000000002,0.058164635246745366,60,-0.0062887253333333325,0.033812980044315696,60,sad_calm,0,0,neutral
431.0,0.14450336666666666,0.009209322685294986,60,0.25770222966666667,0.018561092437788425,60,happy_energetic,1,1,neutral
432.0,0.23430310016666667,0.010445853028823525,60,0.04126198083333334,0.007962063955994136,60,happy_energetic,1,1,neutral
435.0,0.32787324546666674,0.018922054682616412,60,0.1225728845,0.09003132490705078,60,happy_energetic,1,1,happy
436.0,0.14853507833333335,0.03951044893403132,60,-0.024789835833333333,0.011123853417924068,60,peaceful_calm,1,0,neutral
437.0,-0.04786021583333334,0.035162176723385945,60,0.07065576666666668,0.010430840118109163,60,angry_energetic,0,1,neutral
440.0,0.3195952349666667,0.011406168034121093,60,0.3020166800000001,0.007803873625616965,60,happy_energetic,1,1,happy
441.0,-0.025102542999999995,0.013508001971503446,60,0.012288497333333334,0.0066455397156955,60,angry_energetic,0,1,neutral
442.0,-0.17501051316666671,0.057702329617932195,60,-0.1273631166666667,0.04555061430981353,60,sad_calm,0,0,neutral
444.0,-0.49258764566666674,0.06418319340010922,60,-0.5018522655,0.019741954543967814,60,sad_calm,0,0,sad
445.0,-0.11288410983333334,0.015503161932812445,60,-0.5538176766666666,0.014207516692985284,60,sad_calm,0,0,neutral
448.0,0.45860300800000003,0.015157257488938295,60,0.47466949333333336,0.03163538116795216,60,happy_energetic,1,1,happy
449.0,-0.024523179733333338,0.06060744827635409,60,-0.3578256591666666,0.03883468592497341,60,sad_calm,0,0,neutral
450.0,-0.0199332825,0.01593887676903265,60,-0.19381170999999997,0.04596750894247914,60,sad_calm,0,0,neutral
451.0,-0.07268638998333334,0.10449007909489294,60,0.039306829032,0.12262280594901193,60,angry_energetic,0,1,neutral
452.0,0.37078091999999996,0.03668379240239392,60,0.15866841166666665,0.022719438144598647,60,happy_energetic,1,1,happy
453.0,0.17416640749999998,0.07342851394881159,60,-0.093674838,0.055531698519969135,60,peaceful_calm,1,0,neutral
454.0,0.10523043350000001,0.07030458000627024,60,0.10291167166666668,0.03445664234276216,60,happy_energetic,1,1,neutral
455.0,0.22599255143333336,0.023490329773533436,60,0.15489689566666665,0.052909627066930906,60,happy_energetic,1,1,neutral
456.0,-0.45192015918166667,0.041674118679314635,60,0.25171393,0.03991061127848625,60,angry_energetic,0,1,sad
458.0,0.021795659499999998,0.014461464089221214,60,-0.26885337766666667,0.013920170429504249,60,peaceful_calm,1,0,neutral
459.0,0.1828695041666667,0.02659652873929273,60,0.21750387833333337,0.08734247725805601,60,happy_energetic,1,1,neutral
460.0,0.02312951533333334,0.03233841924683252,60,-0.18451178000000004,0.06801717121499981,60,peaceful_calm,1,0,neutral
461.0,-0.05605423577683332,0.035674192153562254,60,0.10248136871666667,0.08567495444370869,60,angry_energetic,0,1,neutral
462.0,0.011892244666666664,0.02716734239850078,60,0.2833506621333334,0.026416395205087095,60,happy_energetic,1,1,neutral
463.0,0.22475616333333337,0.020435296633243557,60,0.22645194108333336,0.03902138483925901,60,happy_energetic,1,1,neutral
464.0,0.18060502533333328,0.032391222638759556,60,0.10130545944666669,0.02019608004878683,60,happy_energetic,1,1,neutral
466.0,0.25378787750000004,0.012037298375737615,60,0.39154967,0.00908538087259417,60,happy_energetic,1,1,neutral
467.0,0.42223958333333333,0.011408760437037941,60,0.4155206145000001,0.027605060464502486,60,happy_energetic,1,1,happy
468.0,-0.43187190000000003,0.03940976051239506,60,-0.4172722366666667,0.03490304207916537,60,sad_calm,0,0,sad
469.0,-0.001217308933333334,0.02562058292314782,60,0.19003194725,0.01792469438100446,60,angry_energetic,0,1,neutral
472.0,0.009334426133333334,0.013462651196120156,60,0.3562408966666667,0.011702636603830871,60,happy_energetic,1,1,neutral
473.0,0.18333455666666673,0.014428276989524964,60,0.5440256341666667,0.023066948033162685,60,happy_energetic,1,1,neutral
475.0,-0.023597523999999998,0.02979781146177972,60,0.27332514849999995,0.028576761646254976,60,angry_energetic,0,1,neutral
477.0,0.4204941253333333,0.006753533759039898,60,0.4296339033333334,0.010545238224730734,60,happy_energetic,1,1,happy
478.0,-0.22353744833333336,0.06577615485851361,60,-0.35111458000000006,0.013871763006395406,60,sad_calm,0,0,neutral
479.0,0.11825076333333334,0.030794729864269343,60,-0.020802745499999997,0.017934863258692868,60,peaceful_calm,1,0,neutral
480.0,-0.133955622595,0.06582353132908501,60,-0.33066531700000007,0.046764577568935234,60,sad_calm,0,0,neutral
481.0,0.08891232721666668,0.039903127141652936,60,-0.23423168116666662,0.010350592663185538,60,peaceful_calm,1,0,neutral
482.0,-0.3827407566666666,0.058781859280440045,60,-0.57148185,0.024186333239955296,60,sad_calm,0,0,sad
484.0,0.3134367256666667,0.04300981755932244,60,0.3942253674999999,0.01947773010330393,60,happy_energetic,1,1,happy
485.0,-0.03525596193333333,0.05348483234267591,60,-0.22716643,0.04172292589248067,60,sad_calm,0,0,neutral
486.0,0.17307068683333332,0.010940636539187056,60,0.30863629393333336,0.009885069341220264,60,happy_energetic,1,1,neutral
487.0,0.0710162721,0.014226688606990601,60,0.09541251401666666,0.022201977892152506,60,happy_energetic,1,1,neutral
488.0,-0.2598329228333333,0.010627898003218714,60,-0.6485962333333333,0.0743945124231545,60,sad_calm,0,0,neutral
489.0,0.04859922833333332,0.10013512963160348,60,-0.049373517666666665,0.017428349344915446,60,peaceful_calm,1,0,neutral
490.0,-0.22716550976666666,0.027709262244928597,60,-0.0233216495,0.05448592518571331,60,sad_calm,0,0,neutral
492.0,-0.030412505666666662,0.021910561843026324,60,-0.03635041733333333,0.04019635028762097,60,sad_calm,0,0,neutral
493.0,-0.020887828499999993,0.008846828129575185,60,-0.20866673691666665,0.007482292321932892,60,sad_calm,0,0,neutral
494.0,-0.12185605984999999,0.050588420985289026,60,-0.30372235316666657,0.09977832533578063,60,sad_calm,0,0,neutral
496.0,0.15293311203333332,0.009532751285685431,60,-0.3433797413333333,0.01118648947314162,60,peaceful_calm,1,0,neutral
497.0,0.236621995,0.023691787046164505,60,0.43965141263333335,0.022364987611702847,60,happy_energetic,1,1,neutral
498.0,-0.4548033785666667,0.025462582454763773,60,-0.3463614196666666,0.030869775421280225,60,sad_calm,0,0,sad
499.0,-0.20472506233333332,0.019702278603181272,60,-0.26510004333333337,0.023851326161063995,60,sad_calm,0,0,neutral
500.0,0.12699791316666667,0.046077082741489306,60,0.36588249,0.009484165480415233,60,happy_energetic,1,1,neutral
501.0,-0.11719990086666668,0.021289852825280477,60,-0.2803869066666666,0.0220081888648208,60,sad_calm,0,0,neutral
502.0,-0.014609648823833333,0.04785329671622938,60,0.11207438766666665,0.03723936749557348,60,angry_energetic,0,1,neutral
503.0,0.24568029571666666,0.022699830496529273,60,0.3064821299999999,0.015245416483884592,60,happy_energetic,1,1,neutral
504.0,-0.19198818950000002,0.01738240417861076,60,-0.015388074333333333,0.011658510145005716,60,sad_calm,0,0,neutral
506.0,-0.1565492333333333,0.029754417578669874,60,-0.22786351500000004,0.040121190663969686,60,sad_calm,0,0,neutral
507.0,0.037314118333333327,0.023993042197542544,60,0.07642471166666669,0.03990184429950772,60,happy_energetic,1,1,neutral
512.0,0.13609643116666664,0.056287831082071756,60,-0.07098978299999999,0.02764083936900291,60,peaceful_calm,1,0,neutral
513.0,-0.06905715745,0.03501423139834777,60,-0.278900682,0.014034932946712498,60,sad_calm,0,0,neutral
514.0,0.18146411166666665,0.014093281045731942,60,-0.15594911116666665,0.05798485356660615,60,peaceful_calm,1,0,neutral
515.0,-0.2805559233333333,0.030078683294105846,60,-0.18864816333333334,0.04265938355755521,60,sad_calm,0,0,neutral
518.0,-0.17905144666666664,0.04697713994906269,60,0.022440705,0.00950695156481868,60,angry_energetic,0,1,neutral
519.0,0.1799627965,0.04288294367721262,60,0.5380715716666666,0.05914445747910813,60,happy_energetic,1,1,neutral
520.0,-0.05281809316666666,0.01997652238573033,60,-0.21898443666666667,0.012631183761719334,60,sad_calm,0,0,neutral
521.0,-0.10915092266666666,0.021026120833402585,60,-0.3322973764999999,0.007670821396385749,60,sad_calm,0,0,neutral
522.0,-0.45486152500000004,0.03362352315823762,60,-0.22749565,0.016566778838813738,60,sad_calm,0,0,sad
523.0,0.20922266466666667,0.01846156577572015,60,0.004829034166666666,0.013208174621181545,60,happy_energetic,1,1,neutral
524.0,-0.06351431178333335,0.06498453110705689,60,-0.23274259333333333,0.015998152484759675,60,sad_calm,0,0,neutral
525.0,0.05736008866666666,0.030071851236705093,60,-0.06373406827166667,0.034628352091223724,60,peaceful_calm,1,0,neutral
527.0,0.19947513483333332,0.08419111632754456,60,-0.1820461601666667,0.04283167697384104,60,peaceful_calm,1,0,neutral
529.0,0.338191765,0.005546962281189736,60,0.09832409600000003,0.03218669353574384,60,happy_energetic,1,1,happy
530.0,-0.1827660645,0.02632770797170631,60,-0.198292347,0.04091640125422727,60,sad_calm,0,0,neutral
535.0,0.4092861488333333,0.03121603186321889,60,0.3775079709666667,0.014614015311199262,60,happy_energetic,1,1,happy
536.0,-0.1365699073,0.11489582706563488,60,-0.07866542466666668,0.14702526131921442,60,sad_calm,0,0,neutral
537.0,-0.43775706,0.026624039475176057,60,0.065991235,0.004687577517646152,60,angry_energetic,0,1,sad
540.0,-0.13160749766666668,0.038388526041343324,60,-0.21763921283333335,0.027176375768929346,60,sad_calm,0,0,neutral
544.0,-0.102493005,0.01773844554466771,60,0.0737363879,0.004216954934714119,60,angry_energetic,0,1,neutral
547.0,-0.007442176566666668,0.03505129094899907,60,-0.2164314828333333,0.023525656661699663,60,sad_calm,0,0,neutral
550.0,0.19588319333333332,0.017259584155765614,60,-0.04340288258333333,0.01322971783805987,60,peaceful_calm,1,0,neutral
551.0,-0.15622571049999998,0.030475462734574427,60,-0.27520364666666663,0.011695631524194216,60,sad_calm,0,0,neutral
554.0,0.056158206,0.026438315143441422,60,-0.5554718166666668,0.024495746882007684,60,peaceful_calm,1,0,neutral
555.0,0.07618835006,0.018653690310922566,60,0.19114243700000003,0.01657071340143048,60,happy_energetic,1,1,neutral
556.0,0.40696202566666667,0.03355448343743452,60,0.14945706133333334,0.029315988362892044,60,happy_energetic,1,1,happy
558.0,-0.32879861403333327,0.02981015315631935,60,-0.6194182666666668,0.011451770024566306,60,sad_calm,0,0,sad
560.0,-0.0048996533333333335,0.019083139537966202,60,-0.241186645,0.04209872647324551,60,sad_calm,0,0,neutral
561.0,0.37204955166666676,0.015319345536385158,60,0.41570570216666664,0.017611598343708332,60,happy_energetic,1,1,happy
564.0,-0.03411849683333333,0.014625819340501632,60,0.07622590766666668,0.022893574763057527,60,angry_energetic,0,1,neutral
565.0,-0.37776217316666666,0.019572962107574355,60,-0.2544905536666667,0.019869864045583618,60,sad_calm,0,0,sad
568.0,-0.36605253333333326,0.022632201866328038,60,0.1484978413166667,0.027839846873509114,60,angry_energetic,0,1,sad
574.0,0.17026023566666662,0.016142590883061015,60,-0.11525025166666668,0.01711188826923641,60,peaceful_calm,1,0,neutral
577.0,0.118799971,0.04309664918028631,60,0.12228487666666668,0.0775259453356517,60,happy_energetic,1,1,neutral
579.0,-0.2578894845,0.048236136465431956,60,-0.1630176676666667,0.03827668296568832,60,sad_calm,0,0,neutral
580.0,-0.009339762666666668,0.00946588261638675,60,-0.49239246466666664,0.0432099295766547,60,sad_calm,0,0,neutral
581.0,0.18617291978333333,0.024057126228035942,60,0.17431202738333332,0.03379650116068874,60,happy_energetic,1,1,neutral
582.0,0.09148864500000001,0.06009330924483586,60,-0.22571629233333332,0.03764297470834155,60,peaceful_calm,1,0,neutral
584.0,-0.5256670833333332,0.03459958768506337,60,-0.4591268494833333,0.03135916911011471,60,sad_calm,0,0,sad
585.0,-0.19262820998333335,0.022748486305370408,60,-0.13230443133333333,0.02605972165722078,60,sad_calm,0,0,neutral
586.0,0.29752934183333335,0.019809485900962993,60,0.1432922826666667,0.006049096605905952,60,happy_energetic,1,1,neutral
591.0,0.29300456216666665,0.024277259060652426,60,0.397794537,0.04034198665667571,60,happy_energetic,1,1,neutral
592.0,0.03180473883333333,0.029159948221477414,60,0.12055670016666667,0.03600261519742395,60,happy_energetic,1,1,neutral
594.0,-0.32971658499999995,0.018664214535413535,60,-0.16096561,0.031079451964289313,60,sad_calm,0,0,sad
597.0,0.24941862500000003,0.011699999929117735,60,0.044514906666666666,0.022838876647045394,60,happy_energetic,1,1,neutral
598.0,0.17425534412666668,0.02354991574493009,60,-0.0905560151666667,0.03762083679056822,60,peaceful_calm,1,0,neutral
600.0,-0.11257871499999998,0.013270538043749712,60,-0.23395995135000003,0.011059253762327465,60,sad_calm,0,0,neutral
605.0,0.28971661593333337,0.042276925507988804,60,0.0394903095,0.011456075091692242,60,happy_energetic,1,1,neutral
606.0,0.10383583288333333,0.09221870390916412,60,-0.13925218649999996,0.005807375738491477,60,peaceful_calm,1,0,neutral
607.0,0.25702295968,0.03737972758828406,60,0.05723697783333334,0.03771906116561436,60,happy_energetic,1,1,neutral
608.0,-0.035062982,0.08698717137922225,60,-0.44725468166666665,0.015431813307790414,60,sad_calm,0,0,neutral
609.0,0.3016167652000001,0.011863559731942632,60,0.20437412516666667,0.009666168696226114,60,happy_energetic,1,1,happy
610.0,0.34201734333333333,0.01632346121997789,60,0.4581682533333334,0.018190774481885653,60,happy_energetic,1,1,happy
611.0,0.07096149366666667,0.02392364085262595,60,0.09134375966666668,0.011169722211961221,60,happy_energetic,1,1,neutral
612.0,0.3249552633333333,0.009849526461036368,60,0.16923006151666667,0.01704752487395322,60,happy_energetic,1,1,happy
613.0,0.355435555,0.056919583632414915,60,0.057360954166666665,0.06397930044732895,60,happy_energetic,1,1,happy
614.0,-0.070749001,0.047720184123721365,60,0.09249367416666665,0.12228709734235228,60,angry_energetic,0,1,neutral
615.0,-0.04150908851666667,0.02458924631268301,60,-0.2389336536666667,0.013383662765985124,60,sad_calm,0,0,neutral
616.0,-0.06304029483333333,0.039446626778233206,60,-0.12549549259999998,0.031503084173463126,60,sad_calm,0,0,neutral
617.0,-0.1647520533333333,0.08116890707553492,60,0.4155133775,0.027650262616939137,60,angry_energetic,0,1,neutral
620.0,-0.01793881566666667,0.004630523162856212,60,0.2610008716666667,0.00975358748596453,60,angry_energetic,0,1,neutral
621.0,-0.010141633333333334,0.039818959334609924,60,-0.32455527054283334,0.047606950190737324,60,sad_calm,0,0,neutral
622.0,0.025224617666666664,0.028794571858456724,60,-0.13561820926666665,0.040372205220749226,60,peaceful_calm,1,0,neutral
623.0,0.1037431165,0.045969936481595905,60,-0.25117433166666664,0.020037885238039236,60,peaceful_calm,1,0,neutral
625.0,-0.12492941333333334,0.016497182942634747,60,-0.34113095333333326,0.017978795705278914,60,sad_calm,0,0,neutral
628.0,0.39757303499999996,0.032304468593028136,60,0.11782659833333335,0.014735173547021106,60,happy_energetic,1,1,happy
629.0,0.5192224733333334,0.10188715677426648,60,0.5876651666666667,0.07166845695147592,60,happy_energetic,1,1,happy
631.0,-0.4268973016666667,0.009609347085702397,60,0.62566582,0.0330800093867923,60,angry_energetic,0,1,sad
632.0,0.18206635499999996,0.028515821290892914,60,-0.12405619500000002,0.014133905586419075,60,peaceful_calm,1,0,neutral
634.0,0.16524716666666667,0.04104866218858891,60,-0.10144018499999999,0.05142674946207738,60,peaceful_calm,1,0,neutral
635.0,0.4064311785,0.018948898594790663,60,0.32590931333333323,0.019987609712114707,60,happy_energetic,1,1,happy
637.0,-0.21100787743333332,0.017458673047284587,60,-0.5647589833333334,0.0190424514086218,60,sad_calm,0,0,neutral
638.0,-0.07114608266666665,0.0225553621154287,60,-0.2643782805,0.028042901277120644,60,sad_calm,0,0,neutral
639.0,0.3404207655,0.003981781316331266,60,0.16266919333333338,0.01459488577807967,60,happy_energetic,1,1,happy
640.0,0.55699922,0.05358058173205351,60,0.5700259835,0.027807969720194652,60,happy_energetic,1,1,happy
643.0,-0.1056756688333333,0.013208258597473916,60,-0.20874551194166666,0.06243838279522351,60,sad_calm,0,0,neutral
644.0,0.15611709,0.015480041271162684,60,-0.07652885733333332,0.013697194299190604,60,peaceful_calm,1,0,neutral
645.0,0.14105266333333333,0.008395109062234521,60,0.017518501300000003,0.017647814848638036,60,happy_energetic,1,1,neutral
646.0,-0.07819536833333333,0.05509734827991722,60,-0.21341250666666667,0.02215650042262892,60,sad_calm,0,0,neutral
647.0,0.14313207883333331,0.018721045353093407,60,-0.34511417683333334,0.02976506302461268,60,peaceful_calm,1,0,neutral
648.0,0.44703118333333336,0.02608513824989986,60,0.11487792666666664,0.0385307990183129,60,happy_energetic,1,1,happy
649.0,0.2550731191666667,0.07392405238424554,60,0.22756037433333332,0.07906439990549387,60,happy_energetic,1,1,neutral
650.0,-0.11580049366666666,0.026568070141754118,60,0.35888551420000003,0.01745281249635342,60,angry_energetic,0,1,neutral
651.0,0.4852539166666666,0.025732249075360453,60,0.5200636333333333,0.019297581265508092,60,happy_energetic,1,1,happy
652.0,-0.19550230333333335,0.01561222858554544,60,-0.29935028461666663,0.009050399749869239,60,sad_calm,0,0,neutral
653.0,0.17454358801666664,0.02396517454267735,60,0.20808868616666668,0.016429404349987565,60,happy_energetic,1,1,neutral
654.0,0.019267088833333338,0.05128135488778181,60,0.20963338831666667,0.024820347693933015,60,happy_energetic,1,1,neutral
656.0,-0.18445244558333326,0.021291441668838975,60,-0.32526296666666676,0.01773585662377835,60,sad_calm,0,0,neutral
657.0,0.017828571600000002,0.012372840309479403,60,0.16933880933333337,0.017653946807776145,60,happy_energetic,1,1,neutral
658.0,0.10081625008333332,0.01820917684892513,60,-0.12367761516666669,0.009281034977973002,60,peaceful_calm,1,0,neutral
660.0,-0.49215319500000004,0.036559628757416855,60,-0.6730344666666664,0.011692775862994302,60,sad_calm,0,0,sad
661.0,-0.47812862349999996,0.0352182188875391,60,-0.5967120733333332,0.02447670171965487,60,sad_calm,0,0,sad
662.0,-0.007567406333333333,0.02831111506557651,60,0.1551472605416667,0.01939757200219062,60,angry_energetic,0,1,neutral
663.0,-0.2128035576666667,0.037538869910089305,60,-0.13441735155000004,0.0360206858823055,60,sad_calm,0,0,neutral
664.0,0.4158180633333333,0.022331827258712814,60,0.4352153083333334,0.026710821927459112,60,happy_energetic,1,1,happy
665.0,0.34878388833333335,0.007539635439724337,60,0.16029956733333334,0.013617449836209893,60,happy_energetic,1,1,happy
666.0,0.07353060683333333,0.03746472985883819,60,0.24043761866666669,0.015046694394185886,60,happy_energetic,1,1,neutral
667.0,-0.16164464478833335,0.11925717709110593,60,-0.09294977916666668,0.0562529947963458,60,sad_calm,0,0,neutral
668.0,0.1811621695,0.016650005632941535,60,-0.002702152666666666,0.08566583909080579,60,peaceful_calm,1,0,neutral
671.0,-0.10581209729999999,0.05713149816173277,60,-0.2941428818833334,0.0297263765624513,60,sad_calm,0,0,neutral
672.0,0.21620786600000003,0.023288403011009522,60,-0.21023907566666666,0.04566068788068939,60,peaceful_calm,1,0,neutral
673.0,0.39999265581666665,0.01712093408826126,60,0.39327407333333336,0.017100466976848586,60,happy_energetic,1,1,happy
674.0,0.5183871483333333,0.021135128440280742,60,0.4583464866666667,0.03406641873580916,60,happy_energetic,1,1,happy
675.0,0.12799039383333335,0.033388325129361116,60,0.052770171166666664,0.023293816519305007,60,happy_energetic,1,1,neutral
676.0,0.45219869166666676,0.02575918148069598,60,0.4148962946666667,0.025404820628992405,60,happy_energetic,1,1,happy
677.0,0.18887689400000002,0.010266012616421431,60,0.5131759410000001,0.026878958864128503,60,happy_energetic,1,1,neutral
681.0,0.35985595333333337,0.010320081416579155,60,-0.04358738166666667,0.01718990564476229,60,peaceful_calm,1,0,happy
682.0,0.304146511,0.021332186909169104,60,-0.0062737757,0.022514698088130735,60,peaceful_calm,1,0,happy
684.0,0.061194264166666665,0.04525715089197972,60,-0.09777953933333333,0.028709408040302684,60,peaceful_calm,1,0,neutral
685.0,-0.169892471,0.06596041669510043,60,-0.07668812571666667,0.04543139443277943,60,sad_calm,0,0,neutral
686.0,0.08917003333333333,0.044673915804468334,60,-0.2593166738333333,0.05189424930744347,60,peaceful_calm,1,0,neutral
687.0,0.5198384500000001,0.02721284723399654,60,0.5637935,0.0323323378289188,60,happy_energetic,1,1,happy
688.0,0.017910491083333327,0.06307624299657424,60,-0.02161938716666667,0.046469563195452104,60,peaceful_calm,1,0,neutral
689.0,-0.11133415966666665,0.01863159511419397,60,-0.20919976433333332,0.011947476756621372,60,sad_calm,0,0,neutral
690.0,-0.0009221216666666667,0.02847655970739848,60,-0.5753301666666666,0.018745313738964795,60,sad_calm,0,0,neutral
691.0,-0.17957575,0.00919690259711569,60,0.098124605,0.026655695105389295,60,angry_energetic,0,1,neutral
692.0,0.05594475371666667,0.027327553587061074,60,0.5647883830333333,0.016638534682313705,60,happy_energetic,1,1,neutral
693.0,0.0487539165,0.10644691893161966,60,0.27418093280000005,0.066700731532178,60,happy_energetic,1,1,neutral
695.0,0.20078639433333328,0.01013561691392625,60,0.4017558616666667,0.033061887261926895,60,happy_energetic,1,1,neutral
696.0,0.2556753016666667,0.034117217660542466,60,0.2909404352833333,0.04819587585532608,60,happy_energetic,1,1,neutral
697.0,0.22961192934999997,0.020787768525283818,60,0.08064462435000003,0.015934609614768395,60,happy_energetic,1,1,neutral
698.0,-0.17095586966666662,0.010629390345563877,60,-0.14630025466666666,0.024243949512434606,60,sad_calm,0,0,neutral
699.0,0.04772569445,0.01991770632663025,60,-0.11668398516666668,0.004633843988855793,60,peaceful_calm,1,0,neutral
700.0,0.12522966166666666,0.02469586460586125,60,0.09444255388333334,0.0421705738055493,60,happy_energetic,1,1,neutral
702.0,-0.37493195000000007,0.01630481681980819,60,0.5980966,0.02093179675215037,60,angry_energetic,0,1,sad
703.0,0.286749241,0.015232576769600376,60,0.12409239833333331,0.02063997128871139,60,happy_energetic,1,1,neutral
704.0,-0.09927924999999999,0.02748351054705045,60,-0.16987679166666664,0.030197327618451557,60,sad_calm,0,0,neutral
706.0,0.11676560333333333,0.03192784390996865,60,0.10258205066666665,0.029079786188657454,60,happy_energetic,1,1,neutral
707.0,-0.4687844678333333,0.06381563945206441,60,-0.4765166416666667,0.06093116111825237,60,sad_calm,0,0,sad
708.0,-0.21472981500000002,0.024880703490917245,60,-0.3800427983333333,0.044868215344036476,60,sad_calm,0,0,neutral
709.0,0.08189343500000001,0.010867824346866228,60,0.23859558206666667,0.0057564507102788615,60,happy_energetic,1,1,neutral
710.0,0.04223325183333333,0.021546928813878055,60,0.13912691800000002,0.017293026652559967,60,happy_energetic,1,1,neutral
711.0,-0.20928233666666662,0.028439740075863133,60,-0.36737935333333344,0.026950347367974477,60,sad_calm,0,0,neutral
712.0,0.017541157166666665,0.016249095915122386,60,-0.19844248666666667,0.029916011395563564,60,peaceful_calm,1,0,neutral
713.0,0.2311930495,0.033313696327232904,60,0.052264034499999994,0.02102390143944945,60,happy_energetic,1,1,neutral
714.0,0.036756948183333325,0.0416485741711477,60,0.007148495983333333,0.029194622935893037,60,happy_energetic,1,1,neutral
715.0,-0.003349816233333333,0.010857905447139873,60,-0.3376253948333333,0.03369924385525817,60,sad_calm,0,0,neutral
717.0,0.0117669735,0.04123319416285217,60,-0.023787642833333334,0.03803746205957684,60,peaceful_calm,1,0,neutral
718.0,0.34317274500000006,0.014724294884910729,60,0.18478606316666665,0.016009097988033814,60,happy_energetic,1,1,happy
719.0,0.3073710948333333,0.05762173658294621,60,0.39298141000000003,0.06359383092202865,60,happy_energetic,1,1,happy
721.0,0.05753308226666666,0.05907166554142223,60,0.2063468808333333,0.02656100840155875,60,happy_energetic,1,1,neutral
722.0,0.31295734,0.015179553980065858,60,0.14108309166666666,0.024442743109079033,60,happy_energetic,1,1,happy
723.0,0.4406089806666666,0.011208954047099401,60,0.41123197453333327,0.00566006277494551,60,happy_energetic,1,1,happy
724.0,0.17891866996666667,0.062484105764597654,60,0.2759599435,0.03377255833896483,60,happy_energetic,1,1,neutral
725.0,0.1970842755,0.012620310659107199,60,0.12085505666666667,0.04951684876647452,60,happy_energetic,1,1,neutral
726.0,-0.35869223166666664,0.023617029920098558,60,0.3947948115,0.02489501856236443,60,angry_energetic,0,1,sad
727.0,-0.022073415,0.031354356608584315,60,-0.13724172666666667,0.017869648622593437,60,sad_calm,0,0,neutral
728.0,0.5188558616666666,0.014269515170718443,60,0.4371984833333333,0.01914321363433324,60,happy_energetic,1,1,happy
729.0,-0.23217263066666669,0.02564975692903059,60,0.2309628419,0.12773950576634632,60,angry_energetic,0,1,neutral
730.0,-0.04774397853333334,0.013657217883434663,60,-0.11921188753333331,0.03517147403277855,60,sad_calm,0,0,neutral
731.0,0.2641220028333333,0.04785282250877267,60,0.6071086781666666,0.0330269062231926,60,happy_energetic,1,1,neutral
732.0,0.17672902383333333,0.06518343216260243,60,-0.011859075833333337,0.1297672735630577,60,peaceful_calm,1,0,neutral
733.0,0.006754311166666668,0.03587633587468547,60,-0.15502002166666662,0.02647367865396428,60,peaceful_calm,1,0,neutral
734.0,0.4127427316666666,0.015884325876205675,60,0.35053088408333327,0.04587740472103003,60,happy_energetic,1,1,happy
735.0,0.01879581071666667,0.011708587830213455,60,0.05117679131666666,0.013807696741626666,60,happy_energetic,1,1,neutral
736.0,-0.19201009,0.02614738901606111,60,-0.277673255,0.022179294572111055,60,sad_calm,0,0,neutral
737.0,-0.006080406,0.018115190957313256,60,-0.0880859395,0.022096961062725,60,sad_calm,0,0,neutral
738.0,0.19691634866666666,0.02096950068618202,60,0.21008100166666666,0.016553991725557632,60,happy_energetic,1,1,neutral
739.0,0.37097833333333335,0.11330583434073856,60,0.3293033585,0.11797700125877986,60,happy_energetic,1,1,happy
740.0,-0.07688448716666667,0.09040221330558569,60,-0.060071070916666656,0.019801307516401703,60,sad_calm,0,0,neutral
741.0,-0.16237762738333336,0.011275962023415277,60,-0.029694125999999998,0.011912461904619632,60,sad_calm,0,0,neutral
742.0,0.38480646166666677,0.009210221411726784,60,0.2646938483333333,0.021941185554982298,60,happy_energetic,1,1,happy
743.0,0.059497580900000006,0.01627538642869922,60,-0.23377540516666664,0.04487697462492298,60,peaceful_calm,1,0,neutral
744.0,0.19849947166666665,0.018054959168809104,60,0.30605772833333333,0.016360618530708554,60,happy_energetic,1,1,neutral
745.0,-0.6373427383333332,0.03588245200444126,60,-0.11832028566666666,0.025982110747004582,60,sad_calm,0,0,sad
746.0,-0.12789557983333333,0.011884549363426799,60,-0.20916219416666665,0.017332010082154955,60,sad_calm,0,0,neutral
747.0,0.11124038173833334,0.009581247190627166,60,-0.18229186066666667,0.022692242581874456,60,peaceful_calm,1,0,neutral
748.0,-0.032567595166666664,0.029485042871022108,60,0.07496581816666666,0.020794783786532742,60,angry_energetic,0,1,neutral
749.0,0.04102049966666667,0.021124361580642854,60,-0.061605801083333356,0.02143097263371911,60,peaceful_calm,1,0,neutral
750.0,0.26677078699999995,0.029436509694925634,60,0.08772051850000001,0.015402987454912528,60,happy_energetic,1,1,neutral
756.0,0.3812976466666667,0.01063578475723139,60,0.24733432333333333,0.027213236847456954,60,happy_energetic,1,1,happy
757.0,0.32096038500000007,0.010992220917173275,60,0.17794900916666662,0.06296480552482674,60,happy_energetic,1,1,happy
758.0,0.18605663733333339,0.018069218891354513,60,0.09799480383333334,0.01392531640993842,60,happy_energetic,1,1,neutral
759.0,0.2495390968333333,0.009269808247394604,60,0.36623148333333333,0.0222413692141631,60,happy_energetic,1,1,neutral
763.0,0.15513557001666667,0.04024225504360217,60,-0.1096294553333333,0.016735737798401505,60,peaceful_calm,1,0,neutral
764.0,0.5185701650000001,0.02287686551939044,60,0.37615381156666666,0.036223058595376056,60,happy_energetic,1,1,happy
767.0,0.3123760726666667,0.024661095257134863,60,0.161381405,0.010421344049008666,60,happy_energetic,1,1,happy
769.0,-0.058768869999999994,0.014691370012224864,60,0.43287306666666664,0.036668759315942996,60,angry_energetic,0,1,neutral
773.0,-0.013393795000000003,0.00895019503460539,60,-0.13767997283333333,0.02647736507977289,60,sad_calm,0,0,neutral
775.0,0.0073780795,0.023475059422225004,60,-0.23639317583333336,0.030733920683526386,60,peaceful_calm,1,0,neutral
776.0,1.742166666666746e-05,0.030547115743220297,60,-0.08764540333333334,0.01400941872717502,60,peaceful_calm,1,0,neutral
777.0,0.07320151066666666,0.05747593504697031,60,0.4337312833333334,0.020186046637130042,60,happy_energetic,1,1,neutral
779.0,0.041276638666666664,0.04736250324699021,60,-0.209249881,0.05664150548833605,60,peaceful_calm,1,0,neutral
780.0,0.2714788255,0.04348210971499272,60,0.15837547666666665,0.01641126744466909,60,happy_energetic,1,1,neutral
781.0,0.2747812648333333,0.16104556721511193,60,-0.04748594132383333,0.06499312394511371,60,peaceful_calm,1,0,neutral
782.0,-0.08945056258333332,0.027535254134273646,60,0.4186447596666667,0.0493697545183423,60,angry_energetic,0,1,neutral
784.0,0.08921016578333332,0.06106070983878489,60,-0.19499159166666666,0.036684341987526015,60,peaceful_calm,1,0,neutral
787.0,0.20790277528333337,0.006019063561081344,60,0.30083676860999997,0.019981784623217824,60,happy_energetic,1,1,neutral
789.0,0.08987128166666666,0.06407037431372758,60,-0.09592999666666668,0.009976217086467306,60,peaceful_calm,1,0,neutral
790.0,0.132519319,0.031127324839606903,60,0.5394758500000001,0.026897558609673734,60,happy_energetic,1,1,neutral
791.0,0.03642255433333333,0.027128437938886956,60,-0.279861775,0.016320875168820092,60,peaceful_calm,1,0,neutral
794.0,-0.10643681133333334,0.034153091231202255,60,-0.46555604333333334,0.0064603750633733,60,sad_calm,0,0,neutral
795.0,-0.21407671883333332,0.01658547784074852,60,-0.33846141166666666,0.020766526775358875,60,sad_calm,0,0,neutral
796.0,0.11019511050000001,0.04950921222102315,60,0.1349952941,0.02441792080371826,60,happy_energetic,1,1,neutral
797.0,0.25623626499999996,0.025431181100156196,60,0.09331810000000001,0.006577986617752681,60,happy_energetic,1,1,neutral
798.0,0.07721378866666667,0.014533072958615056,60,0.2888632949215,0.005285311438148688,60,happy_energetic,1,1,neutral
799.0,0.1426762168333333,0.017228608315253875,60,-0.032290720499999995,0.023378301294209366,60,peaceful_calm,1,0,neutral
800.0,0.0005095268333333333,0.007774265927036133,60,0.027672793333333334,0.006698967907866273,60,happy_energetic,1,1,neutral
801.0,-0.35340538256666676,0.049221983500698056,60,-0.3101635183333334,0.058684985936536586,60,sad_calm,0,0,sad
804.0,0.3765298450000001,0.017000247184491418,60,0.3318299413333333,0.007716976569929977,60,happy_energetic,1,1,happy
805.0,-0.1900664883333333,0.03443606631317952,60,-0.5282018616666667,0.02249016672649102,60,sad_calm,0,0,neutral
806.0,0.39372920333333333,0.04854309644552273,60,0.40042755,0.008337027901366685,60,happy_energetic,1,1,happy
807.0,0.16557485618333337,0.025246090078152896,60,0.025943639833333334,0.03293303988677285,60,happy_energetic,1,1,neutral
808.0,-0.08439978666666666,0.03809618736722047,60,-0.3245896706216666,0.03345749688313642,60,sad_calm,0,0,neutral
810.0,0.31959315014999995,0.021262932382011823,60,0.3389420543333334,0.07692048684354902,60,happy_energetic,1,1,happy
811.0,-0.013726755416666668,0.029012968865841173,60,-0.10005034333333333,0.030823488887742553,60,sad_calm,0,0,neutral
813.0,0.2601016718,0.0065582332171622145,60,-0.038995535,0.029165095233531155,60,peaceful_calm,1,0,neutral
814.0,0.17214701450000003,0.019325340543950874,60,0.3546753443333333,0.023304964195623175,60,happy_energetic,1,1,neutral
815.0,0.3360529667333333,0.02876231033496829,60,0.34634293966666674,0.03414690774950996,60,happy_energetic,1,1,happy
818.0,0.44016150666666665,0.023928019510341614,60,0.32775899666666664,0.015577085350635686,60,happy_energetic,1,1,happy
819.0,0.19687173083333329,0.030046350953470056,60,-0.049549431166666665,0.03072145717745797,60,peaceful_calm,1,0,neutral
820.0,0.27497410305000003,0.029326732418804822,60,0.25941000833333333,0.0629918802845528,60,happy_energetic,1,1,neutral
823.0,0.014498518166666663,0.028436158095658276,60,0.10367480866666669,0.03973223192835163,60,happy_energetic,1,1,neutral
824.0,0.42698441283333344,0.022698852230600055,60,0.50498072605,0.06778413048702928,60,happy_energetic,1,1,happy
825.0,0.25133898083333334,0.021188114989139726,60,0.06923510950000002,0.04271309142587455,60,happy_energetic,1,1,neutral
826.0,0.055599266666666675,0.0384613020573956,60,-0.09985725033333333,0.01028918947351231,60,peaceful_calm,1,0,neutral
829.0,-0.019320629000000002,0.028345609064832286,60,-0.32918690166666664,0.01289680704482692,60,sad_calm,0,0,neutral
830.0,0.28473471666666667,0.010887315007677005,60,0.3281148033333333,0.010254901584591417,60,happy_energetic,1,1,neutral
831.0,0.27677291000000004,0.04158447703811965,60,0.12429308016666665,0.04349300177331784,60,happy_energetic,1,1,neutral
833.0,0.24286621116666668,0.031227113340145347,60,0.14854728443333337,0.05527789244454721,60,happy_energetic,1,1,neutral
834.0,-0.11240520316666668,0.036781926261646655,60,-0.23076889223333336,0.12591241017203794,60,sad_calm,0,0,neutral
836.0,0.22473471783333332,0.01941195612040314,60,0.3747892393333334,0.10097527886564751,60,happy_energetic,1,1,neutral
839.0,-0.11726356783333333,0.028136066281563663,60,0.09084320216666669,0.012289133873901787,60,angry_energetic,0,1,neutral
841.0,-0.07979995733333337,0.04548375494812875,60,0.003567332716666667,0.02796492440650412,60,angry_energetic,0,1,neutral
844.0,-0.24597581000000002,0.010235875331103834,60,-0.22386741666666668,0.017485175821793316,60,sad_calm,0,0,neutral
845.0,0.0980356,0.023414289062877822,60,-0.0006114255000000002,0.03213754948161363,60,peaceful_calm,1,0,neutral
846.0,-0.02662150491666667,0.0721856733947861,60,0.22496264483333336,0.09859866085177285,60,angry_energetic,0,1,neutral
848.0,-0.3305868613333334,0.04092762664200375,60,-0.4788619866666667,0.03792279921977221,60,sad_calm,0,0,sad
850.0,-0.38217377166666666,0.016537667566549324,60,-0.22993306018333332,0.05116443002929451,60,sad_calm,0,0,sad
851.0,-0.08468502168333332,0.014608412909021679,60,0.11002533909999998,0.019726804703596907,60,angry_energetic,0,1,neutral
852.0,-0.0752266005,0.01802632763098726,60,-0.10558558518333334,0.04313290875292413,60,sad_calm,0,0,neutral
854.0,-0.17513932766666668,0.02088019386552125,60,-0.37552183050000004,0.02155296387373481,60,sad_calm,0,0,neutral
855.0,-0.019663234183333333,0.020183493429648584,60,-0.30829880983333324,0.01965163251138791,60,sad_calm,0,0,neutral
856.0,0.2436040385,0.021519401830951284,60,0.4583317333333332,0.014319713530498981,60,happy_energetic,1,1,neutral
857.0,0.1328519845,0.01996190899675366,60,0.03718089583333333,0.05405226851519916,60,happy_energetic,1,1,neutral
858.0,-0.042649793000000005,0.05975058740135097,60,-0.00981136533333333,0.019783623703212332,60,sad_calm,0,0,neutral
859.0,0.07181274666666668,0.035952068367308514,60,-0.14130338333333334,0.017515478344445015,60,peaceful_calm,1,0,neutral
860.0,0.32122564333333337,0.023227435192693765,60,0.3403075985,0.013412221150351995,60,happy_energetic,1,1,happy
863.0,0.38849428399999997,0.040925625198192685,60,0.33191795999999996,0.031889218907671595,60,happy_energetic,1,1,happy
864.0,0.202806921,0.009562282962855278,60,0.21458625101000003,0.007660116150254255,60,happy_energetic,1,1,neutral
865.0,-0.12637315128333332,0.015212696592455392,60,-0.46125402333333343,0.008728108102110234,60,sad_calm,0,0,neutral
866.0,0.052727529483333334,0.04510384347925379,60,0.295328807,0.02938773349566308,60,happy_energetic,1,1,neutral
867.0,0.39656135499999995,0.025294963766828008,60,0.13978698666666667,0.016285184074197285,60,happy_energetic,1,1,happy
869.0,-0.04196532716666667,0.04178126245800706,60,-0.39675959499999996,0.011902671126718084,60,sad_calm,0,0,neutral
871.0,-0.05873809783333335,0.030592388113228813,60,0.27995605233333337,0.020316423697671823,60,angry_energetic,0,1,neutral
872.0,0.30471820971833335,0.05094784227087282,60,-0.3021843244333334,0.009814993437305988,60,peaceful_calm,1,0,happy
873.0,0.35198395399999993,0.05019824837307139,60,0.40080635500000006,0.0237455504593136,60,happy_energetic,1,1,happy
874.0,-0.10995490233333333,0.01742381906751487,60,0.42836620833333333,0.012727213170922267,60,angry_energetic,0,1,neutral
876.0,0.40858394011000004,0.024130799921829933,60,0.5602921726666666,0.052451344907132866,60,happy_energetic,1,1,happy
879.0,0.20887163433333333,0.018263729971827805,60,0.1528040916666667,0.02995579361704116,60,happy_energetic,1,1,neutral
880.0,-0.052519041,0.08077418991886937,60,0.019129233333333332,0.008567058364002327,60,angry_energetic,0,1,neutral
882.0,0.1042055771833333,0.10154551953695987,60,0.16280289401666664,0.09557963632582535,60,happy_energetic,1,1,neutral
884.0,0.03217501400000001,0.08200616436078828,60,0.25546096166666665,0.061067688791995645,60,happy_energetic,1,1,neutral
886.0,0.07504731999999999,0.017130159652902637,60,0.2159706425,0.014222043827268126,60,happy_energetic,1,1,neutral
887.0,0.16040771116666666,0.029067114906962763,60,0.10596226033333336,0.05538627081540726,60,happy_energetic,1,1,neutral
889.0,0.5501978983333333,0.02994487496469967,60,0.5764432,0.007506277097203382,60,happy_energetic,1,1,happy
890.0,-0.2457188568333333,0.019131244286796703,60,-0.3285296463333334,0.05484132459931403,60,sad_calm,0,0,neutral
891.0,0.07944658788333334,0.012185042322963581,60,-0.10893096331666666,0.021896909065559467,60,peaceful_calm,1,0,neutral
892.0,-0.2321108986666667,0.05200926561642748,60,-0.0018897468333333334,0.01344530593865786,60,sad_calm,0,0,neutral
893.0,-0.2633262315,0.029626678540476195,60,0.6242458946666666,0.02337701910034892,60,angry_energetic,0,1,neutral
897.0,-0.10311195400000002,0.01724734625775351,60,0.05187498833333334,0.07511641287331305,60,angry_energetic,0,1,neutral
898.0,0.07324596923333333,0.03538817811202236,60,0.3855457984999999,0.04182427752955412,60,happy_energetic,1,1,neutral
899.0,0.29483689766666665,0.0774439591245395,60,0.21622098833333334,0.03237932654167929,60,happy_energetic,1,1,neutral
902.0,-0.30418229999999996,0.01576669799535295,60,0.4958875011666667,0.012625706146980994,60,angry_energetic,0,1,sad
903.0,0.18173208450000003,0.01947727216557993,60,0.278872612,0.0310197486348808,60,happy_energetic,1,1,neutral
904.0,-0.196182973,0.013162618580617269,60,0.21306126248333332,0.011281436670248113,60,angry_energetic,0,1,neutral
908.0,0.12364723966666667,0.008975363496711424,60,0.19923223683333333,0.007716481500258065,60,happy_energetic,1,1,neutral
909.0,0.2117354558333333,0.05582532365675826,60,0.34252104166666675,0.07824519195109966,60,happy_energetic,1,1,neutral
910.0,0.42760243226666667,0.026223622579020122,60,0.5087331125,0.03414308522704198,60,happy_energetic,1,1,happy
911.0,-0.07816914,0.031163550098243512,60,0.5269548333333334,0.021037990865072846,60,angry_energetic,0,1,neutral
913.0,-0.24844424451666666,0.0398964201566701,60,0.06889822733333333,0.026527930911963014,60,angry_energetic,0,1,neutral
915.0,0.13575093666666668,0.019157617809372567,60,0.05527452733333333,0.02254276563088573,60,happy_energetic,1,1,neutral
921.0,0.32628796320000003,0.0123669227527598,60,0.23675177100000003,0.02334526189288508,60,happy_energetic,1,1,happy
924.0,0.3251399761666667,0.02750385019509899,60,0.2785087688333333,0.03968936742500074,60,happy_energetic,1,1,happy
925.0,-0.1384274665,0.020480806450094178,60,-0.05866610566666666,0.007929988334642191,60,sad_calm,0,0,neutral
926.0,0.0352092017,0.06865329010281063,60,-0.24273900849999996,0.07453056420850057,60,peaceful_calm,1,0,neutral
928.0,-0.2881953338,0.025398936667787936,60,0.11738857799999998,0.007599894784593356,60,angry_energetic,0,1,neutral
931.0,0.4058688016666666,0.037444370685544945,60,0.4544003516666667,0.03879029953313711,60,happy_energetic,1,1,happy
932.0,-0.023310956666666667,0.020542064662924926,60,-0.08247929116666668,0.028523150767048634,60,sad_calm,0,0,neutral
934.0,0.30343727700000006,0.05206853930127811,60,0.3691225573333334,0.0421533172273453,60,happy_energetic,1,1,happy
936.0,0.056832693833333336,0.008477300728298305,60,0.27144615516666665,0.022196420694283684,60,happy_energetic,1,1,neutral
938.0,-0.16272078470716667,0.025688664651314655,60,0.4750731578333333,0.056105541444665966,60,angry_energetic,0,1,neutral
939.0,-0.29612075833333334,0.12000382279246675,60,0.23136887700000003,0.05919726508944757,60,angry_energetic,0,1,neutral
941.0,0.26581836666666664,0.008164098639116397,60,0.5702059666666667,0.010789371184900235,60,happy_energetic,1,1,neutral
942.0,-0.19352409499999998,0.04190277410201074,60,0.08804135790000002,0.08007851776377904,60,angry_energetic,0,1,neutral
944.0,0.3398864851666666,0.02044888987592762,60,0.4780516666666667,0.00964829255130438,60,happy_energetic,1,1,happy
945.0,-0.29700272499999997,0.041664715709509026,60,-0.3921631833333333,0.055361680159382094,60,sad_calm,0,0,neutral
949.0,0.33716931666666666,0.025987810214593347,60,0.36496533333333336,0.02984792814008295,60,happy_energetic,1,1,happy
952.0,-0.3698284586666667,0.0438418431966046,60,-0.1883344371666667,0.011198994062416213,60,sad_calm,0,0,sad
954.0,0.21379072550000003,0.03662702257715436,60,0.12279145533333331,0.019839074088254346,60,happy_energetic,1,1,neutral
955.0,0.12730085481666667,0.012100385043482894,60,-0.1780428559833334,0.04906378184134069,60,peaceful_calm,1,0,neutral
956.0,0.04573963738333333,0.022333950294689875,60,0.11168955071666666,0.03137165422113229,60,happy_energetic,1,1,neutral
957.0,-0.022932500999999997,0.013663557979983313,60,-0.31090157166666665,0.026969572368628642,60,sad_calm,0,0,neutral
958.0,0.22539163950000002,0.020831195785681343,60,0.2832286666666667,0.038653551998522356,60,happy_energetic,1,1,neutral
959.0,0.321609276,0.03730318479415166,60,0.3522352983333334,0.03631929509793425,60,happy_energetic,1,1,happy
960.0,0.45918155000000005,0.02649272247204566,60,0.5227821833333334,0.011667627770161991,60,happy_energetic,1,1,happy
961.0,0.122181232345,0.02848150890490964,60,0.01703481783333333,0.09488654164504429,60,happy_energetic,1,1,neutral
962.0,-0.26544705,0.046682462406284514,60,0.5597266,0.018721989421711212,60,angry_energetic,0,1,neutral
964.0,0.40352343875,0.03351433808281426,60,0.5362697700000001,0.014438894471141708,60,happy_energetic,1,1,happy
967.0,-0.25462105500000004,0.007336558773171179,60,-0.3687044583333334,0.027673336315283046,60,sad_calm,0,0,neutral
968.0,-0.2094901981666667,0.0421271357235797,60,-0.13484426666666666,0.034827682784214754,60,sad_calm,0,0,neutral
970.0,0.4162569,0.018225063042140624,60,0.46824520000000003,0.01980494443045305,60,happy_energetic,1,1,happy
973.0,0.019945832,0.004088029395311716,60,0.4730888616666667,0.017932080265194106,60,happy_energetic,1,1,neutral
974.0,-0.22771828,0.012631307869190214,60,-0.17341528800000003,0.016885678718483482,60,sad_calm,0,0,neutral
976.0,0.08237551916666666,0.012397935828212062,60,0.30895473199999995,0.011276346363798396,60,happy_energetic,1,1,neutral
977.0,-0.33437142166666667,0.03593229966382657,60,0.49171347666666665,0.011302994918108607,60,angry_energetic,0,1,sad
978.0,0.2988524343333333,0.011114121783896433,60,0.6233436166666666,0.02550929860991326,60,happy_energetic,1,1,neutral
979.0,0.13594349778333334,0.03587642403771667,60,-0.3982934166666666,0.012348373677387194,60,peaceful_calm,1,0,neutral
980.0,-0.05645599566666666,0.03085619169483344,60,0.37896627666666666,0.0141443461059224,60,angry_energetic,0,1,neutral
981.0,0.4249404138333333,0.02041501048337849,60,0.47555907166666667,0.007887301604268551,60,happy_energetic,1,1,happy
983.0,0.25690878705000003,0.028692241921269606,60,0.07829106499999999,0.013682690890669433,60,happy_energetic,1,1,neutral
985.0,0.15210599549999998,0.02024843736985897,60,-0.3553956136666666,0.024899566749894197,60,peaceful_calm,1,0,neutral
986.0,0.030919931999999994,0.03821874956014835,60,0.27707190783333335,0.023716684275710217,60,happy_energetic,1,1,neutral
987.0,-0.201658671,0.0346692109501657,60,0.29343431700000006,0.04465565657566856,60,angry_energetic,0,1,neutral
988.0,0.04989227644999999,0.08695969662411598,60,0.09323589394233331,0.1228035734900665,60,happy_energetic,1,1,neutral
989.0,0.4119985316666667,0.009620005069116675,60,0.41154414000000006,0.0076102810986235355,60,happy_energetic,1,1,happy
990.0,0.2804221523333333,0.028176686504406936,60,0.2914617753333334,0.025136314125025667,60,happy_energetic,1,1,neutral
991.0,-0.18767003683333333,0.03204471568655933,60,-0.2954812303333333,0.027661521875599806,60,sad_calm,0,0,neutral
993.0,-0.2294930125,0.02790535734637202,60,-0.04113488034833333,0.004966586893252524,60,sad_calm,0,0,neutral
994.0,0.1310060894666667,0.04187879046733138,60,0.4408015666666667,0.035512327308971955,60,happy_energetic,1,1,neutral
995.0,-0.4645538166666666,0.021501147037225454,60,-0.06099071466666666,0.013387864947719192,60,sad_calm,0,0,sad
996.0,0.40119575583333333,0.020352627567951947,60,0.36276668,0.011351703896182282,60,happy_energetic,1,1,happy
997.0,0.33063133066666667,0.08434856561948334,60,0.30049627300000004,0.04845635037907496,60,happy_energetic,1,1,happy
999.0,0.25250034,0.03686529782043542,60,-0.16035948233333333,0.006633825144801292,60,peaceful_calm,1,0,neutral
1000.0,0.3275031275,0.03167369710710138,60,0.4812439433333333,0.02443336336375167,60,happy_energetic,1,1,happy
1001.0,-0.0010666666666666665,0.01651248685759423,60,0.20565000000000003,0.016153250446891487,60,angry_energetic,0,1,neutral
1002.0,-0.04728333333333333,0.030267194378659476,60,-0.01948333333333333,0.06063373419328734,60,sad_calm,0,0,neutral
1003.0,0.17526666666666665,0.027095428068628524,60,0.0271296296296275,0.025053269721355517,60,happy_energetic,1,1,neutral
1004.0,-0.14121666666666666,0.021373731281385776,60,0.17975,0.02953564231004071,60,angry_energetic,0,1,neutral
1005.0,0.3299500000000001,0.05098412334573708,60,0.14208333333333337,0.022447191113564496,60,happy_energetic,1,1,happy
1006.0,0.04148333333333334,0.046717053155732706,60,0.16738333333333336,0.06731891553559734,60,happy_energetic,1,1,neutral
1007.0,0.26411666666666667,0.01819074092926276,60,0.28848333333333337,0.06179926959295087,60,happy_energetic,1,1,neutral
1008.0,0.2312833333333333,0.07148568427003799,60,0.13901666666666665,0.13215098582892054,60,happy_energetic,1,1,neutral
1009.0,-0.017916666666666668,0.03127741020111622,60,0.13465000000000002,0.010046267963776397,60,angry_energetic,0,1,neutral
1010.0,0.41289999999999993,0.04269414479761832,60,0.26786666666666664,0.15740070591398952,60,happy_energetic,1,1,happy
1011.0,0.06721666666666667,0.033899405927275805,60,-0.2771166666666666,0.026319252564530698,60,peaceful_calm,1,0,neutral
1012.0,0.016866666666666665,0.030323514894476784,60,0.0030000000000000022,0.04343539263473203,60,happy_energetic,1,1,neutral
1013.0,-0.23908333333333331,0.03181524355120077,60,0.0004666666666666666,0.06286558853794516,60,angry_energetic,0,1,neutral
1014.0,0.05106666666666667,0.011090336133569422,60,0.2429333333333333,0.01547779771873965,60,happy_energetic,1,1,neutral
1015.0,0.43681666666666674,0.011898867826627697,60,0.5559666666666666,0.010117586449126834,60,happy_energetic,1,1,happy
1016.0,-0.24703333333333333,0.08386575913658419,60,-0.25725000000000003,0.04277211903409354,60,sad_calm,0,0,neutral
1017.0,0.13085000000000002,0.011235101245649724,60,0.01753333333333333,0.0075021478406001995,60,happy_energetic,1,1,neutral
1018.0,-0.054066666666666666,0.03927801194335353,60,-0.26278333333333337,0.05287220179094325,60,sad_calm,0,0,neutral
1019.0,-0.11591666666666667,0.020518521443374575,60,-0.13948333333333332,0.060618889153647666,60,sad_calm,0,0,neutral
1020.0,-0.13321666666666668,0.02610689032079888,60,-0.05769999999999999,0.055166807653394864,60,sad_calm,0,0,neutral
1021.0,0.3243833333333333,0.043526272398275605,60,0.30143333333333333,0.032222335248843915,60,happy_energetic,1,1,happy
1022.0,-0.22178333333333333,0.07584196104766512,60,-0.08625,0.05314057614792423,60,sad_calm,0,0,neutral
1023.0,-0.30119999999999997,0.014742003482114184,60,-0.2604,0.027995356757862546,60,sad_calm,0,0,sad
1024.0,-0.28045,0.02259456055484741,60,-0.14831666666666665,0.046647433536643315,60,sad_calm,0,0,neutral
1025.0,0.252,0.02562355686993253,60,0.5326166666666666,0.03503954512008143,60,happy_energetic,1,1,neutral
1026.0,-0.21288333333333337,0.019291700863900575,60,-0.40071666666666655,0.05000703006133793,60,sad_calm,0,0,neutral
1027.0,0.08083333333333333,0.01222042916140382,60,0.1244,0.03811526378412372,60,happy_energetic,1,1,neutral
1028.0,0.12641666666666665,0.016520988334707932,60,0.3060833333333333,0.01915662780577232,60,happy_energetic,1,1,neutral
1029.0,-0.03996666666666667,0.00924836321854966,60,0.05411666666666667,0.01665642185131275,60,angry_energetic,0,1,neutral
1030.0,0.25959999999999994,0.03319899596875383,60,0.3778833333333333,0.04791593042912648,60,happy_energetic,1,1,neutral
1031.0,0.1810166666666667,0.015472008775707036,60,0.30560000000000004,0.036734724716540344,60,happy_energetic,1,1,neutral
1032.0,-0.1421833333333333,0.019059111265277352,60,0.1069833333333333,0.012345703256149034,60,angry_energetic,0,1,neutral
1033.0,0.18753333333333336,0.03650089801026209,60,0.35090000000000005,0.04268985047213604,60,happy_energetic,1,1,neutral
1034.0,-0.09949999999999996,0.08334036636988505,60,-0.07233333333333332,0.066195585619855,60,sad_calm,0,0,neutral
1035.0,0.008483333333333334,0.024960963968208884,60,-0.02185,0.04379110450003897,60,peaceful_calm,1,0,neutral
1036.0,-0.020000000000000007,0.04487241171737188,60,-0.16918333333333335,0.05932354554100384,60,sad_calm,0,0,neutral
1037.0,0.19918333333333332,0.022818480570703112,60,0.2212333333333333,0.023044425693767148,60,happy_energetic,1,1,neutral
1038.0,0.1332,0.040056543368926216,60,0.22153333333333333,0.026939108291767107,60,happy_energetic,1,1,neutral
1039.0,0.2884666666666666,0.04218628002351265,60,0.13028333333333333,0.03521462369843276,60,happy_energetic,1,1,neutral
1040.0,0.39165000000000005,0.048151090330334156,60,0.29630000000000006,0.052815180898424775,60,happy_energetic,1,1,happy
1041.0,0.28174999999999994,0.013127103006121838,60,0.26689999999999997,0.015340252062248958,60,happy_energetic,1,1,neutral
1042.0,0.29443333333333327,0.035668551352074224,60,0.22456666666666666,0.03523036884406533,60,happy_energetic,1,1,neutral
1043.0,0.05703333333333334,0.009848801393514283,60,0.31146666666666667,0.020899335449296525,60,happy_energetic,1,1,neutral
1044.0,0.5525666666666667,0.0412477743507318,60,0.501,0.04191737905292585,60,happy_energetic,1,1,happy
1045.0,-0.023366666666666668,0.016150300994787134,60,0.011366666666666667,0.02865773116552592,60,angry_energetic,0,1,neutral
1046.0,0.25465,0.011999756941982903,60,0.41471666666666673,0.01008975002443349,60,happy_energetic,1,1,neutral
1047.0,0.3455833333333334,0.008266985880933591,60,0.2879166666666666,0.05176269302199112,60,happy_energetic,1,1,happy
1048.0,0.050666666666666665,0.040290886755636884,60,0.5064,0.03972916644817341,60,happy_energetic,1,1,neutral
1049.0,0.18281666666666666,0.04713084328641796,60,0.6233000000000001,0.018731702182841453,60,happy_energetic,1,1,neutral
1050.0,0.2797666666666666,0.029122366356843704,60,0.37655000000000005,0.05846891624330544,60,happy_energetic,1,1,neutral
1051.0,0.1684166666666667,0.02705998994004905,60,0.23913333333333336,0.037396731883355204,60,happy_energetic,1,1,neutral
1052.0,-0.022883333333333332,0.0456136279587094,60,0.5423166666666667,0.04743574308706696,60,angry_energetic,0,1,neutral
1053.0,0.08863333333333334,0.03486448367927198,60,0.4352166666666667,0.11995153072062992,60,happy_energetic,1,1,neutral
1054.0,-0.2086666666666667,0.017791071418613948,60,0.6526500000000001,0.03553206298542205,60,angry_energetic,0,1,neutral
1055.0,-0.07225,0.030711357833869867,60,0.5236333333333334,0.04275198500914576,60,angry_energetic,0,1,neutral
1056.0,0.06634999999999999,0.02175609110111465,60,0.50715,0.09819178937161702,60,happy_energetic,1,1,neutral
1057.0,-0.0064333333333333334,0.03873730616458621,60,0.6730666666666667,0.058867893531949066,60,angry_energetic,0,1,neutral
1058.0,-0.19399999999999998,0.006625707509390979,60,0.5568833333333334,0.006019666842017809,60,angry_energetic,0,1,neutral
1059.0,-0.1571833333333333,0.02709642760381687,60,0.7080666666666667,0.014851337388337193,60,angry_energetic,0,1,neutral
1060.0,0.2026666666666667,0.011166417907676965,60,0.5139,0.0772943939321173,60,happy_energetic,1,1,neutral
1061.0,0.5871999999999999,0.02092988294281647,60,0.5115500000000001,0.0439342026975188,60,happy_energetic,1,1,happy
1062.0,0.054133333333333325,0.008190373753512241,60,0.30378333333333335,0.023708009663871456,60,happy_energetic,1,1,neutral
1063.0,0.15588333333333335,0.040441765402723075,60,0.49349999999999994,0.021759672178903205,60,happy_energetic,1,1,neutral
1064.0,0.05445,0.0355529769030199,60,0.6505500000000001,0.04562726706696338,60,happy_energetic,1,1,neutral
1065.0,0.2544,0.04080694385354858,60,0.48545000000000005,0.03243322627594527,60,happy_energetic,1,1,neutral
1066.0,0.3635333333333333,0.012306457202984497,60,0.40353333333333324,0.054005082065384256,60,happy_energetic,1,1,happy
1067.0,-0.0044333333333333325,0.033224171254608525,60,-0.0011296296296348341,0.04039592718064453,60,sad_calm,0,0,neutral
1068.0,0.3971666666666666,0.005876979571930536,60,0.32675,0.046994902205806675,60,happy_energetic,1,1,happy
1069.0,0.0022500000000000003,0.042408971142121964,60,0.35315,0.056557293959311736,60,happy_energetic,1,1,neutral
1070.0,0.03493333333333332,0.06423546960640637,60,0.36938333333333334,0.06188728778100467,60,happy_energetic,1,1,neutral
1071.0,0.3699999999999999,0.029893700562716112,60,0.2764666666666667,0.032246688029763444,60,happy_energetic,1,1,happy
1072.0,0.3745666666666667,0.030172485626624952,60,0.3911166666666667,0.012041721453162558,60,happy_energetic,1,1,happy
1073.0,0.3351,0.02641192912303075,60,0.12548333333333334,0.01841058723186803,60,happy_energetic,1,1,happy
1074.0,0.4545666666666667,0.009090960100866989,60,0.4729,0.035203550957254304,60,happy_energetic,1,1,happy
1075.0,0.4131499999999999,0.01417136196700938,60,0.5395333333333333,0.014318364276535074,60,happy_energetic,1,1,happy
1076.0,0.34954999999999997,0.03206214018641509,60,0.41839999999999994,0.012204097672503276,60,happy_energetic,1,1,happy
1077.0,0.35315,0.0509692145646108,60,0.15731666666666666,0.03667355617092815,60,happy_energetic,1,1,happy
1078.0,0.39975,0.015192788859631177,60,0.47528333333333334,0.013932087264855736,60,happy_energetic,1,1,happy
1079.0,0.48806666666666654,0.027120021304481972,60,0.4707,0.021051761604831708,60,happy_energetic,1,1,happy
1080.0,0.38051666666666656,0.0120228832740829,60,0.2358833333333333,0.012929413065650822,60,happy_energetic,1,1,happy
1081.0,0.17436666666666667,0.011438191387724818,60,0.021983333333333337,0.03550281287760482,60,happy_energetic,1,1,neutral
1082.0,0.5380666666666667,0.008266129014774026,60,0.45285,0.018959452347927497,60,happy_energetic,1,1,happy
1083.0,0.38830000000000003,0.013242985564692984,60,0.47675000000000006,0.06255627466529638,60,happy_energetic,1,1,happy
1084.0,0.24288333333333334,0.02861007495426898,60,0.034383333333333335,0.02076863955315535,60,happy_energetic,1,1,neutral
1085.0,0.45595,0.008204521111354805,60,0.34664999999999996,0.02317241535389294,60,happy_energetic,1,1,happy
1086.0,0.3126333333333334,0.06574013656477719,60,0.19395,0.04419857652308123,60,happy_energetic,1,1,happy
1087.0,0.25218333333333337,0.016798305139375098,60,0.5196333333333334,0.028132405197960293,60,happy_energetic,1,1,neutral
1088.0,0.5604999999999999,0.019653244007033527,60,0.4634499999999999,0.04109356194507034,60,happy_energetic,1,1,happy
1089.0,0.47528333333333334,0.03817856801342286,60,0.4693666666666667,0.00906268294834493,60,happy_energetic,1,1,happy
1090.0,0.38136666666666663,0.07893604302781392,60,0.4959166666666667,0.1012304782277661,60,happy_energetic,1,1,happy
1091.0,0.26621666666666666,0.039504046909427167,60,0.3851833333333334,0.11758720050338056,60,happy_energetic,1,1,neutral
1092.0,0.4367833333333333,0.028320246977893555,60,0.5203166666666666,0.023324158910642188,60,happy_energetic,1,1,happy
1093.0,0.42395,0.011059573530053806,60,0.49441666666666667,0.012663979978225218,60,happy_energetic,1,1,happy
1094.0,0.38194999999999996,0.03714226029740247,60,0.43931666666666663,0.026537075741100202,60,happy_energetic,1,1,happy
1095.0,0.4629833333333334,0.025851815968880965,60,0.4812333333333333,0.04420194817224941,60,happy_energetic,1,1,happy
1096.0,-0.07171666666666666,0.03422040895268333,60,0.07234999999999998,0.01143798496239613,60,angry_energetic,0,1,neutral
1097.0,0.3003666666666666,0.017110393202833057,60,0.34481666666666666,0.04759954189788899,60,happy_energetic,1,1,happy
1098.0,0.5021833333333334,0.02020931440917503,60,0.49948333333333333,0.06880612658445144,60,happy_energetic,1,1,happy
1099.0,0.36578333333333324,0.023430814231595876,60,0.5181166666666667,0.0090757766732232,60,happy_energetic,1,1,happy
1100.0,0.3816833333333333,0.08018218664738169,60,0.4279,0.06555270144446121,60,happy_energetic,1,1,happy
1101.0,0.0036499999999999996,0.05917173452474304,60,-0.052716666666666676,0.06461245794908457,60,peaceful_calm,1,0,neutral
1102.0,-0.4502333333333333,0.03810396596447963,60,0.08115,0.036161593346164006,60,angry_energetic,0,1,sad
1103.0,-0.23036666666666666,0.025740348784652388,60,-0.1964,0.02046476646987858,60,sad_calm,0,0,neutral
1104.0,0.22269999999999998,0.02747441233827092,60,0.3581666666666667,0.025823869234145033,60,happy_energetic,1,1,neutral
1105.0,-0.1560666666666667,0.025384290855216388,60,0.026366666666666667,0.03131345113880331,60,angry_energetic,0,1,neutral
1106.0,-0.2652,0.034211011872397654,60,0.04251666666666667,0.0863260276831707,60,angry_energetic,0,1,neutral
1107.0,-0.2147,0.04759877449402803,60,-0.12301666666666669,0.04659845908277321,60,sad_calm,0,0,neutral
1108.0,-0.042966666666666674,0.02127593841774213,60,-0.07611666666666665,0.012637367429791522,60,sad_calm,0,0,neutral
1109.0,-0.20153333333333334,0.01914459598830844,60,-0.4443666666666667,0.06286280475943005,60,sad_calm,0,0,neutral
1110.0,0.11201666666666667,0.04595849274677701,60,0.4615166666666666,0.039562394461856776,60,happy_energetic,1,1,neutral
1111.0,-0.11286666666666668,0.12267130426016057,60,0.07366666666664366,0.09613204653166128,60,angry_energetic,0,1,neutral
1112.0,-0.3685666666666666,0.048277105224825645,60,-0.2376166666666667,0.07249599797383455,60,sad_calm,0,0,sad
1113.0,-0.24000000000000005,0.008763560920082656,60,-0.025066666666666668,0.09209304473677091,60,sad_calm,0,0,neutral
1114.0,-0.33393333333333336,0.014832247151242976,60,-0.1919833333333333,0.03643692800199026,60,sad_calm,0,0,sad
1115.0,0.08141666666666668,0.019725019363460432,60,0.08248333333333334,0.03128497598244599,60,happy_energetic,1,1,neutral
1116.0,0.19726666666666665,0.07250307273181983,60,-0.3015999999999999,0.07217090826641992,60,peaceful_calm,1,0,neutral
1117.0,-0.022550000000000008,0.0439994034050463,60,-0.010366666666666663,0.022296462101020025,60,sad_calm,0,0,neutral
1118.0,0.04315000000000001,0.017661469361296072,60,-0.29061666666666675,0.06907751483337798,60,peaceful_calm,1,0,neutral
1119.0,-0.24939999999999998,0.01801314334960263,60,-0.28704999999999997,0.02581435324259225,60,sad_calm,0,0,neutral
1120.0,-0.16325,0.009816015824491455,60,-0.14106666666666667,0.04100970074940264,60,sad_calm,0,0,neutral
1121.0,-0.12836666666666668,0.026005747228043434,60,-0.10566666666666666,0.05228596582470503,60,sad_calm,0,0,neutral
1122.0,0.39241666666666664,0.04427613791749331,60,0.32123333333333337,0.027722052994362135,60,happy_energetic,1,1,happy
1123.0,-0.12588333333333332,0.025803805705532836,60,-0.09198333333333335,0.014242532156264287,60,sad_calm,0,0,neutral
1124.0,0.18465,0.013706233375122917,60,0.34625,0.01415111891924686,60,happy_energetic,1,1,neutral
1125.0,0.036222222222223335,0.04683312464256126,60,-0.06538333333333332,0.10428903612343703,60,peaceful_calm,1,0,neutral
1126.0,-0.10358333333333335,0.04519560880832955,60,-0.0168,0.06282377469291914,60,sad_calm,0,0,neutral
1127.0,-0.33756666666666674,0.040402708930081514,60,-0.058316666666666656,0.09151693680528333,60,sad_calm,0,0,sad
1128.0,-0.08363333333333332,0.037342097185645885,60,-0.22645,0.038409818623194085,60,sad_calm,0,0,neutral
1129.0,-0.04178333333333333,0.021684934606516316,60,-0.12078333333333334,0.04150585969340821,60,sad_calm,0,0,neutral
1130.0,0.08653333333333335,0.025685577449006066,60,0.01375,0.06924199713083576,60,happy_energetic,1,1,neutral
1131.0,-0.06275,0.038150851890881805,60,-0.10749999999999998,0.02751030110098155,60,sad_calm,0,0,neutral
1132.0,0.06488333333333333,0.07145723468543187,60,-0.0482,0.09888778151689588,60,peaceful_calm,1,0,neutral
1133.0,0.09333333333333334,0.012525529485370624,60,-0.18613333333333332,0.03290717584695202,60,peaceful_calm,1,0,neutral
1134.0,-0.20343333333333333,0.020947049646403405,60,-0.4346333333333333,0.0449636766982219,60,sad_calm,0,0,neutral
1135.0,-0.27231666666666665,0.06147587376813408,60,-0.18326666666666672,0.08393328038123826,60,sad_calm,0,0,neutral
1136.0,0.06938333333333334,0.04593331821480157,60,-0.09308333333333334,0.05247580130138292,60,peaceful_calm,1,0,neutral
1137.0,-0.1990166666666667,0.05934601690275618,60,0.03698333333333333,0.07555031252233324,60,angry_energetic,0,1,neutral
1138.0,0.050899999999999994,0.010682852303263081,60,0.054283333333333336,0.02881844991590553,60,happy_energetic,1,1,neutral
1139.0,0.2894444444444833,0.030236039869589896,60,-0.11018333333333334,0.05500742121649486,60,peaceful_calm,1,0,neutral
1140.0,0.3580666666666667,0.03142815439838759,60,0.30301666666666677,0.053665163022413545,60,happy_energetic,1,1,happy
1141.0,0.08043333333333333,0.021821523523550983,60,-0.08951666666666666,0.019241874186841108,60,peaceful_calm,1,0,neutral
1142.0,-0.38838333333333325,0.05672803294864209,60,-0.2891666666666666,0.07036906675205772,60,sad_calm,0,0,sad
1143.0,-0.18084999999999998,0.040047399000018295,60,0.31884999999999997,0.01892513760407922,60,angry_energetic,0,1,neutral
1144.0,-0.0064333333333333334,0.022407860723911648,60,0.3111333333333334,0.021535603595493266,60,angry_energetic,0,1,neutral
1145.0,0.03571666666666667,0.051927863961033056,60,-0.016916666666666667,0.05217767455744097,60,peaceful_calm,1,0,neutral
1146.0,-0.28629999999999994,0.023038590813386713,60,-0.005916666666666666,0.022476870828080635,60,sad_calm,0,0,neutral
1147.0,0.08573333333333331,0.04214849410780361,60,0.01005,0.0460689429008307,60,happy_energetic,1,1,neutral
1148.0,-0.28543333333333337,0.02447540715811599,60,-0.15538333333333335,0.021914296449781108,60,sad_calm,0,0,neutral
1149.0,-0.1591,0.09298130636495346,60,-0.21001666666666666,0.13924480740368342,60,sad_calm,0,0,neutral
1150.0,-0.12178333333333333,0.005944441848389881,60,-0.3761666666666666,0.010501058147740275,60,sad_calm,0,0,neutral
1151.0,-0.0024499999999999995,0.031096851394741987,60,0.3791333333333334,0.030610165341308143,60,angry_energetic,0,1,neutral
1152.0,0.4380833333333333,0.03701994582503989,60,0.35755,0.02596884351166477,60,happy_energetic,1,1,happy
1153.0,-0.2574166666666667,0.027959668373490332,60,-0.13871666666666668,0.041458047737709766,60,sad_calm,0,0,neutral
1154.0,-0.20956666666666665,0.0442618596787598,60,-0.033466666666666665,0.07199015364771923,60,sad_calm,0,0,neutral
1155.0,-0.006766666666666667,0.03127798302675897,60,0.15718333333333334,0.04795431564404698,60,angry_energetic,0,1,neutral
1156.0,0.5704499999999999,0.02449586699833257,60,0.5138333333333333,0.016590325159227266,60,happy_energetic,1,1,happy
1157.0,0.5397833333333334,0.02552194589411673,60,0.4647333333333334,0.04162005392703005,60,happy_energetic,1,1,happy
1158.0,0.44755,0.017831082412461677,60,0.5147999999999999,0.017111204905947853,60,happy_energetic,1,1,happy
1159.0,0.29435,0.019590665294130942,60,0.3704,0.01798907075606372,60,happy_energetic,1,1,neutral
1160.0,0.3907333333333333,0.028855309544153024,60,0.4269333333333333,0.01780436900189265,60,happy_energetic,1,1,happy
1161.0,-0.022350000000000002,0.04932572858052884,60,0.0033999999999999994,0.14253738690837106,60,angry_energetic,0,1,neutral
1162.0,-0.09803333333333336,0.04232767678744278,60,-0.03898333333333334,0.02415677383721225,60,sad_calm,0,0,neutral
1163.0,0.3570833333333334,0.03542141144687615,60,0.2816166666666666,0.046771819031929424,60,happy_energetic,1,1,happy
1164.0,-0.07078333333333335,0.02167186476107264,60,-0.03743333333333333,0.023918867494557978,60,sad_calm,0,0,neutral
1165.0,0.04873333333333334,0.03390371988767932,60,-0.06738333333333334,0.03654179874548536,60,peaceful_calm,1,0,neutral
1166.0,0.16469999999999999,0.026658519588804375,60,-0.061066666666666665,0.017174464248477222,60,peaceful_calm,1,0,neutral
1167.0,-0.29766666666666663,0.042559631368495464,60,-0.21188333333333328,0.047780432419791075,60,sad_calm,0,0,neutral
1168.0,0.10281666666666668,0.03794447332030787,60,0.20009999999999997,0.08592743062220197,60,happy_energetic,1,1,neutral
1169.0,-0.18473333333333333,0.04225354685966874,60,-0.08816666666666667,0.04479068603577708,60,sad_calm,0,0,neutral
1170.0,-0.2677333333333333,0.05114778153112366,60,-0.17810000000000004,0.04798357357818749,60,sad_calm,0,0,neutral
1171.0,-0.21291666666666667,0.04983081097295349,60,-0.37224999999999997,0.043194376563004885,60,sad_calm,0,0,neutral
1172.0,-0.3271166666666667,0.03568804265981659,60,-0.22096666666666664,0.03971522238246802,60,sad_calm,0,0,sad
1173.0,-0.08863333333333336,0.01522932113464754,60,-0.10048333333333331,0.03062705321915396,60,sad_calm,0,0,neutral
1174.0,-0.24531666666666668,0.02624785176394865,60,-0.06143333333333333,0.051594045737425515,60,sad_calm,0,0,neutral
1175.0,-0.09416666666666668,0.06409268462330332,60,0.07891666666666666,0.050549082308408155,60,angry_energetic,0,1,neutral
1176.0,0.25403333333333333,0.025939652186479974,60,-0.04426666666666667,0.05849041706885743,60,peaceful_calm,1,0,neutral
1177.0,0.15381666666666674,0.0723732205691826,60,0.19776666666666667,0.08091154978672012,60,happy_energetic,1,1,neutral
1178.0,0.18935000000000002,0.09654149798575395,60,0.10836666666666667,0.03572579211469247,60,happy_energetic,1,1,neutral
1179.0,-0.1535666666666667,0.022921872136067382,60,0.16868333333333332,0.062403656855098556,60,angry_energetic,0,1,neutral
1180.0,-0.19605,0.02658221523249458,60,-0.15333333333333835,0.041754721770428674,60,sad_calm,0,0,neutral
1181.0,-0.28814999999999996,0.02279387710183007,60,0.28369999999999995,0.020948587860123966,60,angry_energetic,0,1,neutral
1182.0,-0.35705,0.06306013664220315,60,-0.41046666666666665,0.06360410538811329,60,sad_calm,0,0,sad
1183.0,-0.08965000000000001,0.007284286741564568,60,-0.019133333333333336,0.026246565912938443,60,sad_calm,0,0,neutral
1184.0,-0.047133333333333326,0.01105059073332985,60,-0.27968333333333334,0.06091318731513636,60,sad_calm,0,0,neutral
1185.0,0.4938666666666667,0.02776656662647045,60,0.42551666666666665,0.04706998040742694,60,happy_energetic,1,1,happy
1186.0,-0.31998333333333334,0.025320934465817454,60,-0.4956833333333333,0.051071026249941594,60,sad_calm,0,0,sad
1187.0,0.10991666666666668,0.040920773724628205,60,0.023616666666666664,0.026319252564530698,60,happy_energetic,1,1,neutral
1188.0,0.18025,0.04085813872412693,60,-0.002866666666666667,0.013976726687207163,60,peaceful_calm,1,0,neutral
1189.0,0.07921666666666667,0.04218810719727645,60,-0.06048333333333333,0.04404221144412356,60,peaceful_calm,1,0,neutral
1190.0,-0.21785,0.034040086662639385,60,-0.16371666666666673,0.02411230091790403,60,sad_calm,0,0,neutral
1191.0,0.02155,0.031225216839385863,60,-0.0693,0.09184158462628281,60,peaceful_calm,1,0,neutral
1192.0,0.034983333333333325,0.02192752582688911,60,-0.02588333333333333,0.060045286150445555,60,peaceful_calm,1,0,neutral
1193.0,0.056650000000000006,0.017138480095971173,60,0.012466666666666666,0.011585143743413611,60,happy_energetic,1,1,neutral
1194.0,-0.14139999999999997,0.031275229815302716,60,-0.15923333333333337,0.04507119060133893,60,sad_calm,0,0,neutral
1195.0,-0.1146,0.06459055658530898,60,0.21168333333333333,0.07587895880208748,60,angry_energetic,0,1,neutral
1196.0,-0.24421666666666667,0.11899637132656142,60,-0.16353333333333334,0.11458206181112683,60,sad_calm,0,0,neutral
1197.0,0.02908333333333334,0.04244498072668768,60,-0.11621666666666668,0.030291963547375986,60,peaceful_calm,1,0,neutral
1198.0,-0.3226166666666667,0.030909055666943665,60,-0.31726666666666675,0.058182433393212045,60,sad_calm,0,0,sad
1199.0,-0.08791666666666664,0.086171397355632,60,0.053750000000000006,0.03793794274865204,60,angry_energetic,0,1,neutral
1200.0,-0.3386666666666666,0.03146302945080499,60,-0.1847833333333333,0.023428680192353033,60,sad_calm,0,0,sad
1201.0,0.28619999999999995,0.030325896524257937,60,0.414,0.03170594055798797,60,happy_energetic,1,1,neutral
1202.0,-0.28528333333333333,0.04188519693426571,60,-0.10173333333333333,0.02708619984830324,60,sad_calm,0,0,neutral
1203.0,-0.0834166666666667,0.04059897029345559,60,0.16641666666666666,0.018502514844084182,60,angry_energetic,0,1,neutral
1204.0,0.34740000000000004,0.015050138426827392,60,0.4038166666666666,0.02745146727509398,60,happy_energetic,1,1,happy
1205.0,0.3997166666666667,0.04136024325632311,60,0.46085000000000004,0.04553051174761821,60,happy_energetic,1,1,happy
1206.0,0.24814999999999998,0.013806791806933288,60,0.4231,0.015063974685763825,60,happy_energetic,1,1,neutral
1207.0,0.17790000000000003,0.010007830267678739,60,0.008883333333333333,0.020477704678232102,60,happy_energetic,1,1,neutral
1208.0,0.31521666666666665,0.04506628143326473,60,0.2798166666666667,0.04049629269726084,60,happy_energetic,1,1,happy
1209.0,0.10026666666666668,0.022260478181945886,60,-0.12865000000000001,0.028252330287370397,60,peaceful_calm,1,0,neutral
1210.0,-0.14403333333333332,0.02135959321293882,60,-0.27454999999999996,0.033223698870936486,60,sad_calm,0,0,neutral
1211.0,0.34110000000000007,0.012756305630288617,60,0.27655,0.015558947050920029,60,happy_energetic,1,1,happy
1212.0,-0.10733333333333332,0.05353337484431765,60,-0.21814999999999998,0.06814049823709832,60,sad_calm,0,0,neutral
1213.0,-0.09593333333333333,0.03617405454496665,60,-0.06893333333333333,0.032273759550996775,60,sad_calm,0,0,neutral
1214.0,0.4137666666666666,0.03508910878827726,60,0.26466666666666666,0.03896822067046713,60,happy_energetic,1,1,happy
1215.0,0.4209,0.04409070196764846,60,0.4720333333333333,0.019975790903546772,60,happy_energetic,1,1,happy
1216.0,0.26798333333333335,0.022326734099629424,60,0.41656666666666664,0.016647689195667836,60,happy_energetic,1,1,neutral
1217.0,-0.06269999999999999,0.03140398063940303,60,-0.20795,0.07591869005719211,60,sad_calm,0,0,neutral
1218.0,0.08785,0.05223530893945206,60,0.1510833333333333,0.019961873381245783,60,happy_energetic,1,1,neutral
1219.0,-0.016783333333333338,0.03433612852699358,60,-0.15518333333333334,0.07953688697006496,60,sad_calm,0,0,neutral
1220.0,-0.06588333333333334,0.03133160899510624,60,-0.09028333333333333,0.07549483242065129,60,sad_calm,0,0,neutral
1221.0,0.25135,0.045129378827248816,60,0.3371666666666667,0.1205801485412181,60,happy_energetic,1,1,neutral
1222.0,-0.06051666666666668,0.042946281044527655,60,0.036250000000000004,0.03642006086394329,60,angry_energetic,0,1,neutral
1223.0,-0.0563,0.05523474148275402,60,0.38201666666666667,0.1469765844918465,60,angry_energetic,0,1,neutral
1224.0,0.33509999999999995,0.01591403992286894,60,0.57405,0.025109377398361193,60,happy_energetic,1,1,happy
1225.0,-0.22340000000000002,0.028565830403940066,60,0.2594333333333333,0.02837332471804381,60,angry_energetic,0,1,neutral
1226.0,-0.03578333333333332,0.01635348246976432,60,0.09929999999999999,0.04187095254071331,60,angry_energetic,0,1,neutral
1227.0,0.24175,0.012923654024049599,60,0.48991666666666667,0.0615700932993356,60,happy_energetic,1,1,neutral
1228.0,0.14848333333333338,0.052091423371692286,60,-0.10906666666666667,0.09364469493190145,60,peaceful_calm,1,0,neutral
1229.0,0.42400000000000004,0.006363961030678933,60,0.030966666666666663,0.05638202038081132,60,happy_energetic,1,1,happy
1230.0,0.19526666666666664,0.017085926632433166,60,0.17390000000000003,0.031714192406555146,60,happy_energetic,1,1,neutral
1231.0,0.15506666666666663,0.03761997105557396,60,0.54225,0.01298797520786055,60,happy_energetic,1,1,neutral
1232.0,0.5087333333333333,0.0333615880250859,60,0.5225333333333333,0.04377916805463024,60,happy_energetic,1,1,happy
1233.0,0.2169166666666667,0.010855554133970113,60,0.12688333333333335,0.028757081253531665,60,happy_energetic,1,1,neutral
1234.0,0.059333333333333335,0.026941087992548154,60,-0.19765,0.031691652423522086,60,peaceful_calm,1,0,neutral
1235.0,0.14409999999999998,0.018325483167800336,60,0.3994833333333333,0.010286709332380727,60,happy_energetic,1,1,neutral
1236.0,0.18486666666666668,0.027874400840596055,60,0.18548333333333333,0.0155107400067036,60,happy_energetic,1,1,neutral
1237.0,0.06326666666666668,0.08214861870753248,60,0.11478333333333333,0.051601709166353094,60,happy_energetic,1,1,neutral
1238.0,0.21391666666666662,0.03708966238125599,60,0.422,0.01361861471173433,60,happy_energetic,1,1,neutral
1239.0,0.2588333333333333,0.02438795239912982,60,0.6322666666666666,0.016787760091474067,60,happy_energetic,1,1,neutral
1240.0,-0.39831666666666676,0.02873934101927569,60,-0.2941333333333333,0.033958536809206345,60,sad_calm,0,0,sad
1241.0,0.07366666666666667,0.031081434258340708,60,0.03038333333333333,0.01620606025192085,60,happy_energetic,1,1,neutral
1242.0,0.1516833333333333,0.0255958926826595,60,0.07733333333333334,0.023931615537239062,60,happy_energetic,1,1,neutral
1243.0,0.2743333333333334,0.02451235516133763,60,0.39325,0.02778346330703452,60,happy_energetic,1,1,neutral
1244.0,-0.018099999999999998,0.027858990170739024,60,0.18725000000000003,0.022097982562517632,60,angry_energetic,0,1,neutral
1245.0,0.41943333333333327,0.0070719320006786155,60,0.3152,0.02583718250893467,60,happy_energetic,1,1,happy
1246.0,0.06143333333333333,0.032929402599433166,60,-0.0033166666666666652,0.04536389594771987,60,peaceful_calm,1,0,neutral
1247.0,-0.15921666666666667,0.018907751203026645,60,0.5334833333333333,0.05056727916570379,60,angry_energetic,0,1,neutral
1248.0,-0.15866666666666668,0.017130544520112475,60,-0.11395000000000001,0.01654632386161148,60,sad_calm,0,0,neutral
1249.0,0.34595,0.026736632173854653,60,0.4166833333333333,0.030328474885639882,60,happy_energetic,1,1,happy
1250.0,0.5370166666666667,0.017738368646023284,60,0.5925833333333332,0.01851602159092378,60,happy_energetic,1,1,happy
1251.0,0.5517166666666667,0.00925219193248579,60,0.47831666666666667,0.015093587674535463,60,happy_energetic,1,1,happy
1252.0,0.29206666666666675,0.029983254585777632,60,0.2836333333333334,0.015380687746507152,60,happy_energetic,1,1,neutral
1253.0,-0.06276666666666667,0.011365689107523964,60,-0.11756666666666667,0.020406180980825937,60,sad_calm,0,0,neutral
1254.0,0.04666666666666666,0.08582902901828857,60,0.59345,0.11838572901043999,60,happy_energetic,1,1,neutral
1255.0,-0.21581666666666668,0.013939741349425711,60,-0.31098333333333333,0.032032010898821545,60,sad_calm,0,0,neutral
1256.0,0.4018833333333333,0.01741081241323588,60,0.32428333333333337,0.05913179958552101,60,happy_energetic,1,1,happy
1257.0,0.14651666666666666,0.019702361674569766,60,0.17093333333333333,0.02857905215751954,60,happy_energetic,1,1,neutral
1258.0,0.34175,0.03198104907597623,60,0.4235,0.062099785292167746,60,happy_energetic,1,1,happy
1259.0,-0.24413333333333334,0.016456474578583218,60,-0.1421,0.04511086343664905,60,sad_calm,0,0,neutral
1260.0,0.5626833333333333,0.044973137043745955,60,0.6006166666666666,0.016315730310211544,60,happy_energetic,1,1,happy
1261.0,-0.14558333333333334,0.009466241187621524,60,-0.09925925925913501,0.02778049369429397,60,sad_calm,0,0,neutral
1262.0,0.045200000000000004,0.035282573602275664,60,0.1524666666666667,0.08236412379725101,60,happy_energetic,1,1,neutral
1263.0,0.2657333333333334,0.015355635954123021,60,0.3781999999999999,0.038593090918798756,60,happy_energetic,1,1,neutral
1264.0,0.08654999999999997,0.013008234571480738,60,0.06908333333333336,0.00900424282707263,60,happy_energetic,1,1,neutral
1265.0,0.3059833333333334,0.020600559593262402,60,0.31211666666666665,0.03149766746214004,60,happy_energetic,1,1,happy
1266.0,0.32645,0.010101856265063373,60,0.38238333333333335,0.04642703654361564,60,happy_energetic,1,1,happy
1267.0,0.02588333333333333,0.009350742691834104,60,-0.014796296296293998,0.05829734045372896,60,peaceful_calm,1,0,neutral
1268.0,0.058900000000000015,0.020349201458533944,60,-0.0304,0.025301646850221692,60,peaceful_calm,1,0,neutral
1269.0,-0.2277666666666667,0.03154804096752901,60,0.17236666666666667,0.024133632594829608,60,angry_energetic,0,1,neutral
1270.0,0.0402,0.014450836192645278,60,0.3121666666666666,0.0657890990632609,60,happy_energetic,1,1,neutral
1271.0,0.1219,0.038733577165038606,60,0.1764166666666667,0.04332177730528711,60,happy_energetic,1,1,neutral
1272.0,-0.04205,0.0655966017920644,60,-0.04298333333333334,0.028089435538808695,60,sad_calm,0,0,neutral
1273.0,-0.015050000000000001,0.05342983716988102,60,0.23563333333333336,0.07793971316914688,60,angry_energetic,0,1,neutral
1274.0,0.34136666666666665,0.038664784436946695,60,0.4551666666666668,0.040926424498387626,60,happy_energetic,1,1,happy
1275.0,-0.24661666666666668,0.014929938230131947,60,-0.16566666666666663,0.05085655207432852,60,sad_calm,0,0,neutral
1276.0,0.10613333333333334,0.03451447361454161,60,0.36275,0.11398854109076054,60,happy_energetic,1,1,neutral
1277.0,-0.18696666666666667,0.023361625704465767,60,-0.23328333333333337,0.04694326066883534,60,sad_calm,0,0,neutral
1278.0,0.16471666666666662,0.029373509418446332,60,0.14915,0.034765799765478334,60,happy_energetic,1,1,neutral
1279.0,0.26439999999999997,0.024188978206337416,60,0.23443333333333335,0.016232032802113504,60,happy_energetic,1,1,neutral
1280.0,0.21463333333333334,0.06103659193922574,60,0.3342,0.08062150250811918,60,happy_energetic,1,1,neutral
1281.0,0.337,0.010535653752852734,60,0.10035000000000001,0.019424061538892083,60,happy_energetic,1,1,happy
1282.0,0.4981666666666666,0.026800601154120092,60,0.56535,0.025235441347438305,60,happy_energetic,1,1,happy
1283.0,-0.19729999999999998,0.023849737944052974,60,0.23011666666666666,0.05712503586189003,60,angry_energetic,0,1,neutral
1284.0,0.30215000000000003,0.04110426782383227,60,0.5051166666666667,0.037552670418434374,60,happy_energetic,1,1,happy
1285.0,0.25976666666666665,0.021156848116442636,60,0.4152833333333332,0.012407110416567132,60,happy_energetic,1,1,neutral
1286.0,0.05218333333333334,0.038090896404375796,60,-0.07286666666666668,0.008182230068195889,60,peaceful_calm,1,0,neutral
1287.0,0.11638333333333334,0.06260646709583781,60,0.3063166666666666,0.015436419777770877,60,happy_energetic,1,1,neutral
1288.0,0.2111833333333334,0.02793653024665415,60,0.019166666666666665,0.03686785712363669,60,happy_energetic,1,1,neutral
1289.0,0.24048333333333333,0.024765225395479224,60,0.1797166666666667,0.0182072253667481,60,happy_energetic,1,1,neutral
1290.0,0.4793333333333333,0.01508936343550942,60,0.5744666666666667,0.020970985246817116,60,happy_energetic,1,1,happy
1291.0,-0.050649999999999994,0.028733154485135578,60,0.021316666666666664,0.02977666405462879,60,angry_energetic,0,1,neutral
1292.0,0.3397833333333333,0.014921004955728978,60,0.25625000000000003,0.029710618191706034,60,happy_energetic,1,1,happy
1293.0,0.16898333333333337,0.024532625669141536,60,0.21346666666666667,0.03971375356500846,60,happy_energetic,1,1,neutral
1294.0,0.3990166666666666,0.011032515075398208,60,0.38023333333333337,0.03024420973049588,60,happy_energetic,1,1,happy
1295.0,0.4821333333333333,0.017009278513668815,60,0.5093,0.020411026431808865,60,happy_energetic,1,1,happy
1296.0,0.14668333333333336,0.015228801295206687,60,0.462,0.016360521589077363,60,happy_energetic,1,1,neutral
1297.0,0.10521666666666667,0.0216618648525211,60,-0.1239,0.029037160099890394,60,peaceful_calm,1,0,neutral
1298.0,0.5062833333333333,0.013134041859060594,60,0.3839666666666667,0.03245199874001942,60,happy_energetic,1,1,happy
1299.0,0.06538333333333333,0.010841420058686449,60,0.25283333333333335,0.018304978072159014,60,happy_energetic,1,1,neutral
1300.0,0.3330333333333334,0.016436713648280043,60,0.10136666666666667,0.04043429512458727,60,happy_energetic,1,1,happy
1301.0,0.031216666666666667,0.026411545244877703,60,-0.20029999999999998,0.04711273713126844,60,peaceful_calm,1,0,neutral
1302.0,0.007433333333333334,0.03547081742628564,60,0.06736666666666667,0.05831493995728901,60,happy_energetic,1,1,neutral
1303.0,0.32273333333333326,0.04974899217292972,60,0.5207,0.10490778490337756,60,happy_energetic,1,1,happy
1304.0,0.18730000000000002,0.04840602579569338,60,0.44033333333333335,0.05872468721831465,60,happy_energetic,1,1,neutral
1305.0,0.03426666666666666,0.01714143777192826,60,0.39105,0.04990872502211746,60,happy_energetic,1,1,neutral
1306.0,0.34619999999999995,0.015321879780235836,60,0.28286666666666666,0.051122880287488584,60,happy_energetic,1,1,happy
1307.0,0.15426666666666672,0.047027958587300904,60,0.34709999999999996,0.12708903703047456,60,happy_energetic,1,1,neutral
1308.0,0.3350666666666667,0.013242440191377948,60,0.40340000000000004,0.03479856318872951,60,happy_energetic,1,1,happy
1309.0,0.5540166666666667,0.043784507026522,60,0.5969666666666666,0.03612292285454703,60,happy_energetic,1,1,happy
1310.0,0.0747,0.018785011755829875,60,0.08443333333333333,0.051201030805595654,60,happy_energetic,1,1,neutral
1311.0,-0.14453333333333332,0.0192669550151433,60,-0.06258333333333334,0.031064605618327464,60,sad_calm,0,0,neutral
1312.0,0.11666666666666667,0.013402321523610091,60,0.052733333333333327,0.03316266307494351,60,happy_energetic,1,1,neutral
1313.0,0.05949999999999999,0.016692812824685956,60,0.005583333333333332,0.044229059703120785,60,happy_energetic,1,1,neutral
1314.0,0.03435,0.06766136884022768,60,0.04775,0.03118633514858711,60,happy_energetic,1,1,neutral
1315.0,0.4852166666666667,0.04721831977339115,60,0.49624999999999997,0.06547967241823986,60,happy_energetic,1,1,happy
1316.0,0.1739333333333333,0.031447769749574014,60,0.046400000000000004,0.06972235413887476,60,happy_energetic,1,1,neutral
1317.0,0.2401,0.028782344125059263,60,0.49768333333333337,0.015981751746566745,60,happy_energetic,1,1,neutral
1318.0,0.14036666666666667,0.01726167881625526,60,0.33201666666666657,0.018418732915763295,60,happy_energetic,1,1,neutral
1319.0,0.4491833333333334,0.010233102603262063,60,0.4540833333333334,0.007010210806784318,60,happy_energetic,1,1,happy
1320.0,-0.28086666666666665,0.02120335403237474,60,0.5281666666666667,0.04616895301197789,60,angry_energetic,0,1,neutral
1321.0,0.001983333333333332,0.005835213982556443,60,0.4294,0.01923815652984107,60,happy_energetic,1,1,neutral
1322.0,0.42755000000000004,0.06021943899882606,60,0.27975,0.06151602094847597,60,happy_energetic,1,1,happy
1323.0,0.2950333333333334,0.0132765038905412,60,0.11510000000000001,0.03610849392225233,60,happy_energetic,1,1,neutral
1324.0,0.3039833333333334,0.019134168100256907,60,0.6035,0.01767342637973748,60,happy_energetic,1,1,happy
1325.0,0.18656666666666666,0.03953832177633351,60,0.45925000000000005,0.031983654679643266,60,happy_energetic,1,1,neutral
1326.0,0.3829333333333333,0.04795896394025023,60,0.21250000000000002,0.0517025144456244,60,happy_energetic,1,1,happy
1327.0,0.20853333333333332,0.0159629431984066,60,-0.2241,0.02614491665059705,60,peaceful_calm,1,0,neutral
1328.0,0.045133333333333324,0.028250349063723486,60,-0.12033333333333333,0.06985142963620875,60,peaceful_calm,1,0,neutral
1329.0,0.20105,0.012826307600656813,60,0.15071666666666672,0.017016748285798383,60,happy_energetic,1,1,neutral
1330.0,0.11171666666666667,0.022863429071092744,60,0.6070166666666666,0.05285467234681234,60,happy_energetic,1,1,neutral
1331.0,0.14815000000000003,0.12198262512888192,60,0.0762,0.047913741939726084,60,happy_energetic,1,1,neutral
1332.0,-0.4125,0.018859568747278746,60,-0.37776666666666675,0.05272613730926584,60,sad_calm,0,0,sad
1333.0,-0.11303333333333333,0.02631347352382214,60,0.46158333333333335,0.06401908352636389,60,angry_energetic,0,1,neutral
1334.0,-0.23661666666666664,0.05455214376070742,60,0.6905,0.05569485314341593,60,angry_energetic,0,1,neutral
1335.0,0.14535000000000003,0.015551875556772352,60,0.33525000000000005,0.013679211721928024,60,happy_energetic,1,1,neutral
1336.0,0.026400000000000003,0.026279396238625168,60,-0.008950000000000001,0.04015902762767047,60,peaceful_calm,1,0,neutral
1337.0,0.05545,0.03395213542621435,60,0.5780666666666667,0.020371439702572703,60,happy_energetic,1,1,neutral
1338.0,0.34235,0.03237634167104122,60,0.4404833333333333,0.05050494750242022,60,happy_energetic,1,1,happy
1339.0,0.5091,0.05734826355987888,60,0.5601,0.06440877269440864,60,happy_energetic,1,1,happy
1340.0,0.3332833333333333,0.06933519829222544,60,0.40438333333333343,0.10623999430011698,60,happy_energetic,1,1,happy
1341.0,-0.17058333333333334,0.01739951308386403,60,-0.08783333333333335,0.05662483750283282,60,sad_calm,0,0,neutral
1342.0,0.4819333333333333,0.02570399882422102,60,0.48923333333333335,0.024904060356139165,60,happy_energetic,1,1,happy
1343.0,0.36765000000000003,0.06414536226415748,60,0.34626666666666667,0.10112036831859786,60,happy_energetic,1,1,happy
1344.0,0.3758,0.05948439571293746,60,0.31360000000000005,0.024020269218585657,60,happy_energetic,1,1,happy
1345.0,-0.09854999999999998,0.015537508380260547,60,0.021233333333333337,0.04718098722531731,60,angry_energetic,0,1,neutral
1346.0,0.3597833333333334,0.03155159355017676,60,0.40706666666666674,0.03510169353306032,60,happy_energetic,1,1,happy
1347.0,0.0654,0.01973676771915807,60,0.2159333333333334,0.020502736944667223,60,happy_energetic,1,1,neutral
1348.0,0.38694999999999996,0.03586382810948472,60,0.5945333333333332,0.013420713675343638,60,happy_energetic,1,1,happy
1349.0,0.2779833333333333,0.026515084805110882,60,0.24893333333333334,0.05075853513340283,60,happy_energetic,1,1,neutral
1350.0,-0.1710833333333333,0.01754450689595528,60,-0.10145000000000001,0.02506819033489786,60,sad_calm,0,0,neutral
1351.0,0.46773333333333333,0.04644131302574848,60,0.43898333333333334,0.046849579032853174,60,happy_energetic,1,1,happy
1352.0,0.5814833333333334,0.010542756860623422,60,0.5814666666666665,0.012815962269329954,60,happy_energetic,1,1,happy
1353.0,0.15149999999999997,0.044167295593006375,60,0.45490740740735,0.04244691270054322,60,happy_energetic,1,1,neutral
1354.0,0.07088333333333333,0.019092836061960224,60,-0.2603666666666667,0.07194626853114451,60,peaceful_calm,1,0,neutral
1355.0,0.38855000000000006,0.031396085212437974,60,-0.011083333333333332,0.04114579430377896,60,peaceful_calm,1,0,happy
1356.0,0.054483333333333335,0.044206896772135254,60,0.15953333333333336,0.06685343837247433,60,happy_energetic,1,1,neutral
1357.0,-0.24983333333333332,0.061281635820928354,60,0.49249999999999994,0.027277279923042186,60,angry_energetic,0,1,neutral
1358.0,0.3941666666666667,0.03484306084271142,60,0.5245833333333333,0.02246351980928686,60,happy_energetic,1,1,happy
1359.0,-0.17015000000000005,0.03065334402638642,60,0.01311666666666667,0.0216880087196179,60,angry_energetic,0,1,neutral
1360.0,0.19438333333333332,0.015052233130742504,60,-0.12658333333333333,0.023865101205642426,60,peaceful_calm,1,0,neutral
1361.0,0.08115,0.008705984531726822,60,-0.21363333333333337,0.05241658982506291,60,peaceful_calm,1,0,neutral
1362.0,-0.037649999999999996,0.013434811746603176,60,0.4776666666666667,0.004422166387140532,60,angry_energetic,0,1,neutral
1363.0,0.13178333333333334,0.020472006632364002,60,0.17738333333333334,0.01966222407449258,60,happy_energetic,1,1,neutral
1364.0,-0.01915,0.03209819569176228,60,0.46413333333333334,0.035986324563027486,60,angry_energetic,0,1,neutral
1365.0,0.4595,0.03106900921068023,60,0.48311666666666664,0.06791001194391165,60,happy_energetic,1,1,happy
1366.0,0.28913333333333324,0.05515567866402234,60,0.5016666666666666,0.025198985870246635,60,happy_energetic,1,1,neutral
1367.0,0.5666999999999999,0.0455182381029846,60,0.6231000000000001,0.03449188310313023,60,happy_energetic,1,1,happy
1368.0,-0.06265,0.015708622897419536,60,-0.047833333333333325,0.013877039389661696,60,sad_calm,0,0,neutral
1369.0,0.6197333333333332,0.02264572562071902,60,0.6255166666666665,0.0408735822044291,60,happy_energetic,1,1,happy
1370.0,-0.01571666666666667,0.029756283183369675,60,0.05756666666666667,0.021468090014924217,60,angry_energetic,0,1,neutral
1371.0,0.27938333333333343,0.01031680129152872,60,0.2738833333333333,0.02732281809932659,60,happy_energetic,1,1,neutral
1372.0,0.12305000000000002,0.02896689202060403,60,0.21075000000000002,0.0720350898289623,60,happy_energetic,1,1,neutral
1373.0,0.51015,0.01765391835636876,60,0.4849499999999999,0.034498997569977784,60,happy_energetic,1,1,happy
1374.0,0.34539999999999993,0.02247531979750232,60,0.18391666666666667,0.019213963383146355,60,happy_energetic,1,1,happy
1375.0,0.25339999999999996,0.008458132181516207,60,0.47859999999999997,0.009991996797437432,60,happy_energetic,1,1,neutral
1376.0,0.5143333333333334,0.027345119410153548,60,0.5129166666666667,0.04755042644977598,60,happy_energetic,1,1,happy
1377.0,-0.22081666666666672,0.03648812211604697,60,-0.04561666666666666,0.029501464182119654,60,sad_calm,0,0,neutral
1378.0,0.19131666666666666,0.052019064347175216,60,0.40791666666666676,0.03773296157060679,60,happy_energetic,1,1,neutral
1379.0,0.17751666666666666,0.03884777628413527,60,0.3807333333333334,0.021677843271157973,60,happy_energetic,1,1,neutral
1380.0,0.08710000000000001,0.05469268689687863,60,0.25193333333333334,0.05769542635445398,60,happy_energetic,1,1,neutral
1381.0,0.36469999999999997,0.031082846287515783,60,0.678,0.02867403006206137,60,happy_energetic,1,1,happy
1382.0,0.22358333333333333,0.014697269209694101,60,0.34791666666666665,0.034342535174652175,60,happy_energetic,1,1,neutral
1383.0,0.27801666666666663,0.02703299938141447,60,-0.060933333333333346,0.05456704337072169,60,peaceful_calm,1,0,neutral
1384.0,0.15273333333333336,0.04140284477612083,60,0.19255000000000003,0.07481453178806018,60,happy_energetic,1,1,neutral
1385.0,0.41258333333333336,0.022182794884524557,60,0.45890000000000003,0.016497171474730645,60,happy_energetic,1,1,happy
1386.0,0.24363333333333334,0.06350983300945523,60,0.2934833333333334,0.05629431340927983,60,happy_energetic,1,1,neutral
1387.0,0.24731666666666668,0.014172145999185247,60,0.16413333333333338,0.018499969969945594,60,happy_energetic,1,1,neutral
1388.0,0.28126666666666666,0.05303548078618899,60,0.6092333333333333,0.09108061752584293,60,happy_energetic,1,1,neutral
1389.0,-0.09448333333333331,0.031317988263758076,60,-0.1681,0.013687829143683328,60,sad_calm,0,0,neutral
1390.0,0.44863333333333333,0.021357252216102667,60,0.52695,0.029505606811813474,60,happy_energetic,1,1,happy
1391.0,-0.011433333333333335,0.01988748908792214,60,0.40803333333333325,0.04081093263112498,60,angry_energetic,0,1,neutral
1392.0,0.5703499999999999,0.012957398144174858,60,0.6323666666666665,0.02577852249882106,60,happy_energetic,1,1,happy
1393.0,0.31781666666666664,0.043476235526498326,60,0.18265000000000006,0.03887922538665948,60,happy_energetic,1,1,happy
1394.0,0.28035000000000004,0.024468908843673427,60,0.011333333333333332,0.022126655619159642,60,happy_energetic,1,1,neutral
1395.0,-0.08839999999999999,0.016454178800535745,60,-0.048400000000000006,0.03101623230933549,60,sad_calm,0,0,neutral
1396.0,0.26981666666666665,0.08840522074829946,60,0.4941666666666666,0.05638503544578317,60,happy_energetic,1,1,neutral
1397.0,-0.07655000000000002,0.03500639227341201,60,-0.04786666666666666,0.018230438527059325,60,sad_calm,0,0,neutral
1398.0,0.5350666666666667,0.04748433659873771,60,0.7482666666666665,0.04443004488956645,60,happy_energetic,1,1,happy
1399.0,0.21661666666666662,0.05187937665606847,60,0.39518333333333333,0.059647154630841824,60,happy_energetic,1,1,neutral
1400.0,0.35146666666666665,0.007383465010112492,60,0.5106499999999999,0.018164824065576134,60,happy_energetic,1,1,happy
1401.0,0.3073833333333334,0.02862987464559044,60,0.3218666666666667,0.038746383343767996,60,happy_energetic,1,1,happy
1402.0,0.14595,0.022922641645325263,60,-0.05193333333333334,0.0181630271583664,60,peaceful_calm,1,0,neutral
1403.0,0.3496333333333333,0.013299081004173008,60,0.20375,0.0178844671899016,60,happy_energetic,1,1,happy
1404.0,-0.2107833333333333,0.03110417531815017,60,-0.08349999999999998,0.11366493156055947,60,sad_calm,0,0,neutral
1405.0,-0.21976666666666667,0.0208545491972908,60,-0.26936666666666664,0.04739091567894515,60,sad_calm,0,0,neutral
1406.0,0.016083333333333335,0.017218489738908254,60,0.008516666666666665,0.01895652189148163,60,happy_energetic,1,1,neutral
1407.0,-0.1633166666666667,0.06156635760615443,60,-0.02393333333333333,0.04789810945004916,60,sad_calm,0,0,neutral
1408.0,-0.03983333333333334,0.08046659072075953,60,0.3588833333333334,0.05329136630095182,60,angry_energetic,0,1,neutral
1409.0,0.20765,0.025150762082555938,60,0.08070000000000001,0.016588449796972188,60,happy_energetic,1,1,neutral
1410.0,0.3315999999999999,0.030288171508582904,60,0.15908333333333335,0.017993787508162055,60,happy_energetic,1,1,happy
1411.0,-0.033549999999999996,0.04059574074538691,60,-0.05684999999999999,0.013558300040934336,60,sad_calm,0,0,neutral
1412.0,0.09338333333333335,0.01690669656937419,60,-0.07774999999999999,0.02275933874259092,60,peaceful_calm,1,0,neutral
1413.0,0.09271666666666666,0.029409234188525812,60,0.21923333333333336,0.01833790852002727,60,happy_energetic,1,1,neutral
1414.0,-0.16693333333333332,0.007635152621628168,60,0.2753333333333334,0.02383601383527781,60,angry_energetic,0,1,neutral
1415.0,0.30906666666666666,0.026118235434696237,60,0.30531666666666674,0.014675934571793227,60,happy_energetic,1,1,happy
1416.0,-0.013166666666666669,0.0643312175817896,60,-0.20808333333333334,0.0747208787570263,60,sad_calm,0,0,neutral
1417.0,-0.022483333333333338,0.032337538386353545,60,-0.17473333333333335,0.04932878357398334,60,sad_calm,0,0,neutral
1418.0,0.0487,0.01668362470608031,60,0.11428333333333333,0.04283304474610954,60,happy_energetic,1,1,neutral
1419.0,-0.3242166666666667,0.009971779624966098,60,-0.22346666666666665,0.0690344036614273,60,sad_calm,0,0,sad
1420.0,0.1645,0.046035674572371954,60,-0.07745000000000002,0.03985031367505155,60,peaceful_calm,1,0,neutral
1421.0,0.2528833333333333,0.01623585709334606,60,0.011233333333333335,0.012051786405158181,60,happy_energetic,1,1,neutral
1422.0,0.018400000000000007,0.045895969321935015,60,-0.12133333333333332,0.009023426301700605,60,peaceful_calm,1,0,neutral
1423.0,-0.02293333333333333,0.048977160209859275,60,0.44931666666666664,0.0400772136700589,60,angry_energetic,0,1,neutral
1424.0,-0.0028666666666666662,0.011320286608071762,60,0.0062000000000000015,0.008001666493091716,60,angry_energetic,0,1,neutral
1425.0,0.13015,0.013259996229260402,60,0.39285,0.010401642498503146,60,happy_energetic,1,1,neutral
1426.0,0.5844833333333332,0.03018249584702289,60,0.5686833333333333,0.036760708946131884,60,happy_energetic,1,1,happy
1427.0,0.09100000000000001,0.036644690383919654,60,0.34718333333333334,0.050165888698286684,60,happy_energetic,1,1,neutral
1428.0,0.05418333333333333,0.14532991108356033,60,-0.1005,0.18080104166366595,60,peaceful_calm,1,0,neutral
1429.0,-0.29755,0.019487966372439512,60,-0.26576666666666665,0.049141756401478186,60,sad_calm,0,0,neutral
1430.0,0.10586666666666668,0.020035357634830372,60,-0.030933333333333334,0.022672205205689386,60,peaceful_calm,1,0,neutral
1431.0,-0.03348333333333333,0.02873122092002976,60,-0.03548333333333334,0.07920532214160583,60,sad_calm,0,0,neutral
1432.0,-0.14028333333333334,0.012012620678085008,60,-0.20598333333333327,0.02037685915171641,60,sad_calm,0,0,neutral
1433.0,-0.049699999999999994,0.028144448830986192,60,0.039549999999999995,0.024501309488814405,60,angry_energetic,0,1,neutral
1434.0,-0.18503333333333333,0.012055381463156703,60,-0.11775000000000001,0.02967974898815689,60,sad_calm,0,0,neutral
1435.0,-0.14466666666666667,0.018929401000090367,60,0.32198333333333323,0.044593905288602936,60,angry_energetic,0,1,neutral
1436.0,0.11641666666666664,0.024976850393025052,60,0.11863333333333331,0.03726659212872689,60,happy_energetic,1,1,neutral
1437.0,0.28268333333333334,0.006621912278354494,60,0.1665166666666667,0.007060433571829861,60,happy_energetic,1,1,neutral
1438.0,-0.19926666666666665,0.021146210587767784,60,-0.08483333333333334,0.028443608928701167,60,sad_calm,0,0,neutral
1439.0,-0.03038333333333333,0.011318262037766908,60,-0.09208333333333335,0.026752751675710337,60,sad_calm,0,0,neutral
1440.0,0.3396666666666667,0.0221349397007436,60,0.3154333333333334,0.03087791371766485,60,happy_energetic,1,1,happy
1441.0,0.1908166666666667,0.04995047269268051,60,-0.0226,0.044535828273424984,60,peaceful_calm,1,0,neutral
1442.0,0.04315,0.02338220477200557,60,-0.26999999999999996,0.031731687632396734,60,peaceful_calm,1,0,neutral
1443.0,0.32081666666666664,0.011121288394586107,60,0.05195,0.014315987566353919,60,happy_energetic,1,1,happy
1444.0,0.2169,0.02406913653069701,60,-0.1313666666666667,0.0362675091813902,60,peaceful_calm,1,0,neutral
1445.0,0.24643333333333334,0.015745228554143707,60,0.13173333333333334,0.03479457173500232,60,happy_energetic,1,1,neutral
1446.0,0.34053333333333335,0.010705865474381569,60,-0.052366666666666666,0.02626338812026269,60,peaceful_calm,1,0,happy
1447.0,0.15915000000000004,0.01062045981427672,60,0.10063333333333332,0.046383174631420915,60,happy_energetic,1,1,neutral
1448.0,0.09689999999999999,0.012193850909372314,60,0.14345000000000002,0.010388174366396946,60,happy_energetic,1,1,neutral
1449.0,0.12038333333333334,0.019736676237119787,60,0.15963333333333335,0.01920240147018654,60,happy_energetic,1,1,neutral
1450.0,0.30970000000000003,0.033848338216225606,60,0.28540000000000004,0.009881295461628487,60,happy_energetic,1,1,happy
1451.0,0.16636666666666663,0.04935111166146334,60,0.23564999999999997,0.027130441082542932,60,happy_energetic,1,1,neutral
1452.0,0.06773333333333334,0.027942719186857163,60,0.2314,0.012083321839074991,60,happy_energetic,1,1,neutral
1453.0,0.10050000000000002,0.05081748386792352,60,0.017833333333333343,0.02364259339036693,60,happy_energetic,1,1,neutral
1454.0,0.23024999999999998,0.011931226536558034,60,0.17556666666666668,0.010179008901765544,60,happy_energetic,1,1,neutral
1455.0,0.007200000000000001,0.027627160548995982,60,0.18476666666666666,0.02000447172231471,60,happy_energetic,1,1,neutral
1456.0,-0.055203703703713324,0.033863373312900485,60,-0.30084999999999995,0.053807318275491116,60,sad_calm,0,0,neutral
1457.0,0.26261666666666666,0.005144873392244192,60,0.2050166666666667,0.02233718250411681,60,happy_energetic,1,1,neutral
1458.0,0.07296666666666665,0.03460826811937029,60,0.18238333333333331,0.02893042900169686,60,happy_energetic,1,1,neutral
1459.0,0.2840500000000001,0.036277368978469206,60,0.32271666666666665,0.026142616335953998,60,happy_energetic,1,1,neutral
1460.0,0.25456666666666666,0.023321211136836113,60,0.18251666666666663,0.014519517515705847,60,happy_energetic,1,1,neutral
1461.0,0.26325,0.010771296734067508,60,0.17853333333333335,0.016945468092941215,60,happy_energetic,1,1,neutral
1462.0,0.03431666666666666,0.016684815119010328,60,0.019166666666666672,0.03339619073420733,60,happy_energetic,1,1,neutral
1463.0,-0.04675,0.035502406021752,60,-0.05593333333333335,0.008512474506406598,60,sad_calm,0,0,neutral
1464.0,0.19899999999999998,0.039407275132053145,60,0.0977833333333333,0.01796486540135742,60,happy_energetic,1,1,neutral
1465.0,0.17723333333333333,0.018680976657789845,60,0.1413,0.015949190157079032,60,happy_energetic,1,1,neutral
1466.0,0.36123333333333324,0.03521995961888026,60,0.2636166666666667,0.025923664650062284,60,happy_energetic,1,1,happy
1467.0,-0.04888333333333333,0.006532206535484179,60,0.15576666666666666,0.025720527901961027,60,angry_energetic,0,1,neutral
1468.0,-0.04401666666666667,0.05774469432096963,60,-0.24680000000000002,0.03905116302152002,60,sad_calm,0,0,neutral
1469.0,-0.12231666666666667,0.03553425186430067,60,0.003616666666666666,0.022761145011229604,60,angry_energetic,0,1,neutral
1470.0,0.08708333333333333,0.016590450733947996,60,-0.0679,0.021975516679553483,60,peaceful_calm,1,0,neutral
1471.0,0.5442999999999999,0.030752940238834594,60,0.6053999999999998,0.02586967336477213,60,happy_energetic,1,1,happy
1472.0,0.16436666666666672,0.03321293255478788,60,0.26935000000000003,0.102588469949925,60,happy_energetic,1,1,neutral
1473.0,0.5058833333333334,0.037756276152302,60,0.5535500000000001,0.0296037300577703,60,happy_energetic,1,1,happy
1474.0,0.45186666666666664,0.03743637565553351,60,0.5178333333333334,0.024324998572570488,60,happy_energetic,1,1,happy
1475.0,-0.054233333333333335,0.021705887578156197,60,-0.13674999999999998,0.03636647952900216,60,sad_calm,0,0,neutral
1476.0,-0.2645,0.028609730279516205,60,0.24518333333333336,0.058879111085530345,60,angry_energetic,0,1,neutral
1477.0,0.10126666666666664,0.031066523604820814,60,0.2189333333333333,0.06565918739132315,60,happy_energetic,1,1,neutral
1478.0,-0.05483333333333333,0.024421415920367014,60,-0.24969999999999998,0.08942898486135986,60,sad_calm,0,0,neutral
1479.0,0.2630833333333333,0.028548958922446813,60,0.3615166666666667,0.015447212981275587,60,happy_energetic,1,1,neutral
1480.0,0.18076666666666666,0.032308082923971554,60,0.30229999999999996,0.036039469104487847,60,happy_energetic,1,1,neutral
1481.0,0.0039499999999999995,0.014823882757226597,60,0.09376666666666668,0.0355093258486024,60,happy_energetic,1,1,neutral
1482.0,0.06820000000000001,0.025797803524072866,60,0.07033333333333334,0.07623006114533966,60,happy_energetic,1,1,neutral
1483.0,-0.008016666666666668,0.010880397766421756,60,0.19138333333333332,0.02406871528676916,60,angry_energetic,0,1,neutral
1484.0,0.05611666666666667,0.04335285137360889,60,0.16226666666666667,0.021873779331021474,60,happy_energetic,1,1,neutral
1485.0,0.09826666666666667,0.014194913016836544,60,0.0787,0.014699546478264785,60,happy_energetic,1,1,neutral
1486.0,-0.10791666666666665,0.04530610395471625,60,-0.14826666666666666,0.06719024400081376,60,sad_calm,0,0,neutral
1487.0,-0.08825,0.012211504138857477,60,-0.17325000000000002,0.007462405778299644,60,sad_calm,0,0,neutral
1488.0,0.18348333333333336,0.024453692063889976,60,0.0635,0.059341525651660385,60,happy_energetic,1,1,neutral
1489.0,0.11513333333333334,0.032660611683732375,60,0.27965,0.041808621519171536,60,happy_energetic,1,1,neutral
1490.0,-0.12736666666666668,0.011747292832346053,60,0.10339999999999998,0.013130371916540163,60,angry_energetic,0,1,neutral
1491.0,0.21706666666666666,0.021478568129390956,60,0.39637037037036665,0.03101298458099035,60,happy_energetic,1,1,neutral
1492.0,-0.07811666666666665,0.04274930473768615,60,-0.1360833333333333,0.0964809638679511,60,sad_calm,0,0,neutral
1493.0,0.14828333333333338,0.030763122764476007,60,0.4398833333333334,0.04744122386935462,60,happy_energetic,1,1,neutral
1494.0,0.18035000000000004,0.017070271429203074,60,0.11028333333333332,0.023688317561382212,60,happy_energetic,1,1,neutral
1495.0,0.06384999999999999,0.024560011536370798,60,0.06853333333333333,0.05340395324526287,60,happy_energetic,1,1,neutral
1496.0,0.39255000000000007,0.02709638659797034,60,0.45708333333333334,0.019697116258195993,60,happy_energetic,1,1,happy
1497.0,0.013199999999999996,0.04450498099464074,60,0.03636666666666667,0.03334064919717204,60,happy_energetic,1,1,neutral
1498.0,0.18643333333333328,0.014495248263559414,60,0.25656666666666667,0.031328031466333076,60,happy_energetic,1,1,neutral
1499.0,0.2655666666666666,0.022332611928647206,60,0.37445000000000006,0.05668374987595652,60,happy_energetic,1,1,neutral
1500.0,-0.05493333333333334,0.058675056218313267,60,0.14405,0.014487264522101242,60,angry_energetic,0,1,neutral
1501.0,0.2112166666666667,0.014246744267453607,60,0.3166333333333334,0.03433849475766552,60,happy_energetic,1,1,neutral
1502.0,0.5846666666666668,0.018327271725188346,60,0.5739166666666666,0.013153316016207534,60,happy_energetic,1,1,happy
1503.0,0.3475333333333334,0.018130514486785952,60,0.17074999999999996,0.01230667163235725,60,happy_energetic,1,1,happy
1504.0,0.23406666666666667,0.0186251323634372,60,0.4921333333333334,0.011787658329324324,60,happy_energetic,1,1,neutral
1505.0,-0.13614999999999997,0.03776498598790507,60,0.15138333333333331,0.04105934390881352,60,angry_energetic,0,1,neutral
1506.0,0.14650000000000005,0.021928292227166257,60,0.30873333333333336,0.008518346214038401,60,happy_energetic,1,1,neutral
1507.0,0.3726833333333335,0.06340386204500655,60,0.4487,0.02583685997433383,60,happy_energetic,1,1,happy
1508.0,0.31828333333333336,0.030005050500799952,60,0.3433333333333333,0.023697866758189204,60,happy_energetic,1,1,happy
1509.0,0.31845000000000007,0.03847615062173796,60,0.36045,0.04199739079196865,60,happy_energetic,1,1,happy
1510.0,0.04133333333333334,0.02646360183766039,60,0.3569333333333333,0.03480127711577392,60,happy_energetic,1,1,neutral
1511.0,0.4262666666666667,0.02127037585208331,60,0.4372333333333333,0.019308345921446056,60,happy_energetic,1,1,happy
1512.0,-0.31028333333333324,0.02758265860201942,60,0.4301166666666666,0.0139929645020473,60,angry_energetic,0,1,sad
1513.0,0.40701666666666664,0.016509079993210468,60,0.48591666666666666,0.009609529413845172,60,happy_energetic,1,1,happy
1514.0,-0.01815000000000001,0.03688487720823626,60,0.3173,0.020222347374460107,60,angry_energetic,0,1,neutral
1515.0,-0.09575,0.03020133827056896,60,0.3000333333333333,0.025069880113173435,60,angry_energetic,0,1,neutral
1516.0,0.31536666666666674,0.011688978664632017,60,0.19665,0.012760387925137699,60,happy_energetic,1,1,happy
1517.0,0.37831666666666675,0.016667824959750725,60,0.38105,0.014996027251686814,60,happy_energetic,1,1,happy
1518.0,0.18445,0.0797223149438098,60,0.29305000000000003,0.11428289825399658,60,happy_energetic,1,1,neutral
1519.0,0.16139999999999996,0.01765332829808589,60,0.4808833333333334,0.01009470433225043,60,happy_energetic,1,1,neutral
1520.0,0.30005,0.014335765297557935,60,0.4175333333333333,0.014705403390893048,60,happy_energetic,1,1,happy
1521.0,0.10518333333333334,0.015750652543801338,60,0.2530833333333333,0.009982136823123378,60,happy_energetic,1,1,neutral
1522.0,0.1869,0.019456532750381467,60,0.5488500000000001,0.014810834997843062,60,happy_energetic,1,1,neutral
1523.0,0.4972166666666667,0.023956969526400643,60,0.0678,0.023980408670412602,60,happy_energetic,1,1,happy
1524.0,0.37301666666666666,0.01783488311022968,60,0.2702666666666667,0.05264531212642669,60,happy_energetic,1,1,happy
1525.0,0.13656666666666664,0.0403961081733817,60,0.16476666666666667,0.015812828828377153,60,happy_energetic,1,1,neutral
1526.0,0.40009999999999996,0.014147673542553432,60,0.40678333333333333,0.018506838075575075,60,happy_energetic,1,1,happy
1527.0,-0.018033333333333332,0.015094112170718165,60,0.17475,0.024792219881782807,60,angry_energetic,0,1,neutral
1528.0,0.3044833333333334,0.011386383193192755,60,0.17578333333333335,0.024292036875395103,60,happy_energetic,1,1,happy
1529.0,0.16166666666666665,0.07434237613157713,60,0.4406333333333333,0.010995403079873385,60,happy_energetic,1,1,neutral
1530.0,0.31728333333333336,0.03709766015382761,60,0.17298333333333332,0.023921741621843136,60,happy_energetic,1,1,happy
1531.0,0.23861666666666667,0.007833882959441133,60,0.27785000000000004,0.007892665371512113,60,happy_energetic,1,1,neutral
1532.0,0.3001833333333333,0.024809602755563997,60,0.38133333333333325,0.015242120004193064,60,happy_energetic,1,1,happy
1533.0,0.19665000000000002,0.017137507597858755,60,0.3628666666666666,0.028797260672192806,60,happy_energetic,1,1,neutral
1534.0,0.32965,0.054433085833280964,60,0.3797666666666667,0.014068127886190916,60,happy_energetic,1,1,happy
1535.0,0.1555,0.03928506925877396,60,0.30805,0.017645986323618565,60,happy_energetic,1,1,neutral
1536.0,0.008583333333333333,0.024036286226361087,60,0.026966666666666663,0.051433441347909906,60,happy_energetic,1,1,neutral
1537.0,0.2969,0.11369633532645926,60,0.007066666666666666,0.1400560443378134,60,happy_energetic,1,1,neutral
1538.0,0.27326666666666666,0.02005481377514026,60,0.28028333333333333,0.06112148876531796,60,happy_energetic,1,1,neutral
1539.0,0.11823333333333334,0.02562444579346492,60,0.23736666666666667,0.024111523293967877,60,happy_energetic,1,1,neutral
1540.0,0.30206666666666665,0.06054911688501787,60,0.2987833333333333,0.051425704230040024,60,happy_energetic,1,1,happy
1541.0,0.07456666666666666,0.05291199191949674,60,0.07776666666666668,0.08664628606517932,60,happy_energetic,1,1,neutral
1542.0,0.26098333333333334,0.025999674143257163,60,0.3431333333333334,0.021019409020130782,60,happy_energetic,1,1,neutral
1543.0,0.34635,0.014710342166879276,60,0.3552666666666667,0.027836945873345294,60,happy_energetic,1,1,happy
1544.0,0.31331666666666663,0.03342678151156977,60,0.39296666666666663,0.08279049193932571,60,happy_energetic,1,1,happy
1545.0,0.17099999999999999,0.009672986439909164,60,0.33225000000000005,0.010531895998980108,60,happy_energetic,1,1,neutral
1546.0,0.27098333333333335,0.02050161917724765,60,0.20975000000000005,0.02814819413982597,60,happy_energetic,1,1,neutral
1547.0,-0.1277,0.03946150022490275,60,0.39131666666666665,0.02317720983111547,60,angry_energetic,0,1,neutral
1548.0,0.11366666666666667,0.01935946509821201,60,0.036599999999999994,0.06579822692646563,60,happy_energetic,1,1,neutral
1549.0,0.20615,0.015470213314624977,60,0.30056666666666665,0.015288739501854156,60,happy_energetic,1,1,neutral
1550.0,0.06375,0.03800158987902129,60,0.10031666666666667,0.0277725834032214,60,happy_energetic,1,1,neutral
1551.0,0.28111666666666674,0.016612336446816322,60,0.3858,0.0354884018612654,60,happy_energetic,1,1,neutral
1552.0,0.36021666666666674,0.028455867389501396,60,0.43116666666668324,0.024540572771080422,60,happy_energetic,1,1,happy
1553.0,0.3435833333333332,0.03958799972494471,60,0.45353333333333334,0.05539177636516894,60,happy_energetic,1,1,happy
1554.0,0.29195000000000004,0.02232593783024579,60,0.03878333333333333,0.010031768981036639,60,happy_energetic,1,1,neutral
1555.0,-0.07730000000000001,0.01920095483736855,60,-0.19443333333333332,0.04718345990798988,60,sad_calm,0,0,neutral
1556.0,0.06903333333333332,0.0164093130738479,60,0.5186333333333333,0.02681104664540762,60,happy_energetic,1,1,neutral
1557.0,0.21723333333333336,0.024758410467735786,60,0.5374833333333334,0.010865068900942246,60,happy_energetic,1,1,neutral
1558.0,-0.17618333333333333,0.029913481724615224,60,0.42065,0.026959738500215467,60,angry_energetic,0,1,neutral
1559.0,0.2240666666666667,0.08886016480340833,60,0.21416666666666667,0.0999853600394689,60,happy_energetic,1,1,neutral
1560.0,0.18313333333333334,0.029068004556365563,60,0.28934999999999994,0.050202531476676214,60,happy_energetic,1,1,neutral
1561.0,0.10778333333333333,0.013721141432921033,60,0.49883333333333346,0.0239994212893191,60,happy_energetic,1,1,neutral
1562.0,-0.09271666666666666,0.03542696320914654,60,0.5008833333333333,0.021403342158540475,60,angry_energetic,0,1,neutral
1563.0,0.16876666666666668,0.06396258454926773,60,0.44534999999999997,0.017217070017863087,60,happy_energetic,1,1,neutral
1564.0,0.43371666666666664,0.0374433312561203,60,0.4762166666666667,0.031159852196197737,60,happy_energetic,1,1,happy
1565.0,0.05741666666666666,0.04733261443116035,60,0.24876666666666664,0.06343168678892978,60,happy_energetic,1,1,neutral
1566.0,0.3358,0.04534416537255189,60,0.08483333333333333,0.17061400554728468,60,happy_energetic,1,1,happy
1567.0,-0.09121666666666665,0.012696576528952818,60,0.19625000000000004,0.09291297451558277,60,angry_energetic,0,1,neutral
1568.0,0.24175000000000002,0.009668893421689992,60,0.41035,0.011655935540887874,60,happy_energetic,1,1,neutral
1569.0,0.16623333333333334,0.091101475777777,60,0.46516666666666673,0.08078844114241977,60,happy_energetic,1,1,neutral
1570.0,0.15354999999999996,0.03278385019080787,60,0.38675,0.08770188614467385,60,happy_energetic,1,1,neutral
1571.0,0.016450000000000003,0.042679981646356564,60,0.5839333333333333,0.025896503410477792,60,happy_energetic,1,1,neutral
1572.0,0.24643333333333334,0.03958634725367937,60,0.23020000000000004,0.02548581304700061,60,happy_energetic,1,1,neutral
1573.0,0.17761666666666664,0.010376402181017378,60,-0.005883333333333333,0.014868413574494832,60,peaceful_calm,1,0,neutral
1574.0,0.4076833333333333,0.049722058038214334,60,0.3535,0.04042750713726155,60,happy_energetic,1,1,happy
1575.0,0.21745000000000003,0.00914772284961309,60,0.2938333333334166,0.025159102779537926,60,happy_energetic,1,1,neutral
1576.0,0.08693333333333333,0.012790447824668047,60,-0.2054333333333333,0.014938057288535063,60,peaceful_calm,1,0,neutral
1577.0,0.23056666666666664,0.017213721916605435,60,0.17235000000000003,0.04549718855782922,60,happy_energetic,1,1,neutral
1578.0,0.28924999999999995,0.017236226385145905,60,0.2794,0.018861071019430468,60,happy_energetic,1,1,neutral
1579.0,0.19630000000000003,0.04138973302644027,60,0.3227333333333334,0.052279972796048346,60,happy_energetic,1,1,neutral
1580.0,0.36556666666666665,0.010252425187350664,60,0.3851833333333334,0.01776371926771593,60,happy_energetic,1,1,happy
1581.0,0.49166666666666675,0.03872022153288325,60,0.4268166666666667,0.048389217692466256,60,happy_energetic,1,1,happy
1582.0,0.17556666666666668,0.0776851265615812,60,0.4052999999999999,0.024683530271552866,60,happy_energetic,1,1,neutral
1583.0,0.3335000000000001,0.05512848628431583,60,0.14098333333333332,0.022247465523565203,60,happy_energetic,1,1,happy
1584.0,0.17281666666666665,0.016031730689133,60,0.2630833333333333,0.013938306528731846,60,happy_energetic,1,1,neutral
1585.0,0.16405,0.08570966981618819,60,-0.0034666666666666656,0.12625931868799053,60,peaceful_calm,1,0,neutral
1586.0,-0.029899999999999996,0.018333666663636415,60,0.36151666666666665,0.037689296299553754,60,angry_energetic,0,1,neutral
1587.0,0.18066666666666667,0.028576602706098953,60,0.1791,0.01657578555202337,60,happy_energetic,1,1,neutral
1588.0,0.13185,0.042287439033358354,60,0.3915666666666667,0.04024357781752953,60,happy_energetic,1,1,neutral
1589.0,0.3627166666666665,0.023915191592142615,60,0.4389,0.022078420837248907,60,happy_energetic,1,1,happy
1590.0,-0.02928333333333334,0.05219166334025218,60,0.4011166666666667,0.007700847716683887,60,angry_energetic,0,1,neutral
1591.0,0.41191666666666665,0.01696299076093468,60,0.35439999999999994,0.04330288673980061,60,happy_energetic,1,1,happy
1592.0,0.4732166666666666,0.021413462795374517,60,0.57715,0.026354522066114813,60,happy_energetic,1,1,happy
1593.0,0.061283333333333335,0.043999655932998184,60,-0.04073333333333333,0.05278316229842829,60,peaceful_calm,1,0,neutral
1594.0,0.2564166666666667,0.04812805545855995,60,0.34790000000000004,0.04449071064091169,60,happy_energetic,1,1,neutral
1595.0,0.2806666666666667,0.02056102029461464,60,0.4527666666666666,0.026562107513440184,60,happy_energetic,1,1,neutral
1596.0,0.22,0.035288336127772685,60,0.26080000000000003,0.059142708764479156,60,happy_energetic,1,1,neutral
1597.0,0.24638333333333332,0.020418204023751833,60,0.33381666666666665,0.017680961198104837,60,happy_energetic,1,1,neutral
1598.0,-0.09161666666666668,0.008683493280676595,60,0.41605000000000003,0.026636707128822563,60,angry_energetic,0,1,neutral
1599.0,-0.14426666666666665,0.013625792535563654,60,0.09141666666666669,0.009370684191787824,60,angry_energetic,0,1,neutral
1600.0,0.4114333333333333,0.016003506560195547,60,0.3211833333333333,0.020362131246234736,60,happy_energetic,1,1,happy
1601.0,0.22880000000000003,0.028166646942793888,60,0.48503333333333337,0.08313522451738228,60,happy_energetic,1,1,neutral
1602.0,0.13031666666666666,0.08584646986853267,60,0.010899999999999998,0.09010081390679368,60,happy_energetic,1,1,neutral
1603.0,0.25983333333333336,0.02278900807163157,60,0.22385000000000002,0.01320836225023123,60,happy_energetic,1,1,neutral
1604.0,0.1251833333333333,0.010062292095850836,60,-0.009183333333333332,0.032222917138100465,60,peaceful_calm,1,0,neutral
1605.0,0.42116666666666674,0.017156307554042304,60,0.23996666666666672,0.0638881748752372,60,happy_energetic,1,1,happy
1606.0,0.2775666666666667,0.009116590493283226,60,0.22141666666666668,0.021944848800775293,60,happy_energetic,1,1,neutral
1607.0,0.060383333333333324,0.007282608659600547,60,-0.12861666666666666,0.017169829805666552,60,peaceful_calm,1,0,neutral
1608.0,0.026983333333333342,0.03773481666695744,60,0.5790666666666665,0.03369315789428008,60,happy_energetic,1,1,neutral
1609.0,0.35483333333333333,0.028197025059786395,60,0.47281666666666666,0.09550174373044482,60,happy_energetic,1,1,happy
1610.0,0.3664,0.04286226001196547,60,0.14048333333333335,0.03712792824216772,60,happy_energetic,1,1,happy
1611.0,0.18103333333333332,0.029126143277513113,60,0.49744999999999995,0.022852005747125727,60,happy_energetic,1,1,neutral
1612.0,-0.18536666666666665,0.027853166586384554,60,-0.03629999999999999,0.021966110261036207,60,sad_calm,0,0,neutral
1613.0,0.39368333333333333,0.03431495867531955,60,0.5654666666666668,0.08256501815068064,60,happy_energetic,1,1,happy
1614.0,0.3904166666666667,0.023748888862896774,60,-0.011583333333333336,0.02134579714031677,60,peaceful_calm,1,0,happy
1615.0,0.14451666666666665,0.14418812846031703,60,-0.011550000000000001,0.06871109202062405,60,peaceful_calm,1,0,neutral
1616.0,0.08406666666666666,0.06063411214453095,60,0.45755000000000007,0.05005710905222822,60,happy_energetic,1,1,neutral
1617.0,0.4412,0.0204073516165131,60,0.4152666666666666,0.01532521524228035,60,happy_energetic,1,1,happy
1618.0,0.27708333333333335,0.02525951415913527,60,-0.05420000000000001,0.03293012804914875,60,peaceful_calm,1,0,neutral
1619.0,0.24215000000000003,0.011272126389166038,60,0.34165000000000006,0.032029582680182814,60,happy_energetic,1,1,neutral
1620.0,0.39901666666666663,0.021578146094808258,60,0.45713333333333334,0.016278274546837636,60,happy_energetic,1,1,happy
1621.0,0.49329999999999996,0.010877040038539907,60,0.5120333333333333,0.012565782462261917,60,happy_energetic,1,1,happy
1622.0,0.4439,0.011899159634192668,60,0.4242833333333333,0.01395121460263904,60,happy_energetic,1,1,happy
1623.0,0.34290000000000004,0.0074670386812086655,60,0.3474333333333333,0.00710015649279803,60,happy_energetic,1,1,happy
1624.0,0.2899833333333333,0.010602659519615289,60,0.5048833333333334,0.021344079324773484,60,happy_energetic,1,1,neutral
1625.0,0.25555,0.010655866928598543,60,0.18111666666666668,0.03352018877565512,60,happy_energetic,1,1,neutral
1626.0,0.45435,0.025706565309274596,60,0.43149999999999994,0.09342974187413057,60,happy_energetic,1,1,happy
1627.0,0.09443333333333334,0.04023860777357432,60,0.16806666666666667,0.031143681363783707,60,happy_energetic,1,1,neutral
1628.0,0.09006666666666668,0.03544473005806207,60,0.22603333333333334,0.04297051961002515,60,happy_energetic,1,1,neutral
1629.0,0.34643333333333326,0.010518819114119006,60,0.4549500000000001,0.010735338839552298,60,happy_energetic,1,1,happy
1630.0,0.3004,0.04685587832207752,60,0.4106833333333333,0.02572449653972303,60,happy_energetic,1,1,happy
1631.0,0.2973166666666666,0.019732791377693005,60,0.17495000000000002,0.023154859101277205,60,happy_energetic,1,1,neutral
1632.0,0.13328333333333334,0.06684162666748585,60,-0.09374999999999999,0.0743356408460975,60,peaceful_calm,1,0,neutral
1633.0,0.32508333333333334,0.05175142241738116,60,0.5488333333333333,0.061627960825874774,60,happy_energetic,1,1,happy
1634.0,0.31045000000000006,0.02174965516968028,60,0.5042333333333333,0.042945456362952106,60,happy_energetic,1,1,happy
1635.0,0.4632000000000001,0.026984439960836687,60,0.41320000000000007,0.08719533626672166,60,happy_energetic,1,1,happy
1636.0,0.054983333333333335,0.01969728548697905,60,0.40545000000000003,0.0427728204198258,60,happy_energetic,1,1,neutral
1637.0,0.18891666666666668,0.030755103460871156,60,0.08195,0.07609389484928034,60,happy_energetic,1,1,neutral
1638.0,0.27003333333333335,0.027153862013021685,60,0.13878333333333337,0.014712910052814915,60,happy_energetic,1,1,neutral
1639.0,0.3711,0.01971353173161353,60,0.2364,0.012311512227721392,60,happy_energetic,1,1,happy
1640.0,0.5167833333333334,0.009022364188811917,60,0.5193833333333333,0.03235433596221001,60,happy_energetic,1,1,happy
1641.0,0.049166666666666664,0.019055328796836742,60,0.35055000000000003,0.03956531519736279,60,happy_energetic,1,1,neutral
1642.0,0.16306666666666667,0.029652918162561263,60,0.3359833333333333,0.029094954698175576,60,happy_energetic,1,1,neutral
1643.0,0.08511666666666669,0.013791412384362798,60,0.24666666666666665,0.019623681838250667,60,happy_energetic,1,1,neutral
1644.0,0.20626666666666665,0.025985808092538167,60,0.3608333333333334,0.029109658572752484,60,happy_energetic,1,1,neutral
1645.0,0.38386666666666674,0.023154169290984197,60,0.4275166666666667,0.01633349489716012,60,happy_energetic,1,1,happy
1646.0,0.16571666666666668,0.017471015679945138,60,0.010233333333333334,0.02364484909845882,60,happy_energetic,1,1,neutral
1647.0,0.5534259259258502,0.02783497198302138,60,0.3355333333333333,0.04545857699293085,60,happy_energetic,1,1,happy
1648.0,-0.09568333333333334,0.0174178946935488,60,-0.19924999999999998,0.034737887577302874,60,sad_calm,0,0,neutral
1649.0,0.32123333333333337,0.023990530539268105,60,0.4742833333333332,0.03620133131376372,60,happy_energetic,1,1,happy
1650.0,0.3098,0.023073650195262422,60,0.21611666666666662,0.021929501944995364,60,happy_energetic,1,1,happy
1651.0,0.05708333333333333,0.05201419410977054,60,0.42115,0.030552045758017583,60,happy_energetic,1,1,neutral
1652.0,0.5689999999999998,0.02431186267373739,60,0.5528333333333334,0.035980164288427326,60,happy_energetic,1,1,happy
1653.0,0.10696666666666665,0.030443371838363913,60,-0.015316666666666668,0.03953626675457471,60,peaceful_calm,1,0,neutral
1654.0,-0.18686666666666668,0.0226660294028065,60,-0.37423333333333336,0.05857114382431752,60,sad_calm,0,0,neutral
1655.0,0.4107166666666667,0.04511470258007792,60,0.4033,0.04799802079252851,60,happy_energetic,1,1,happy
1656.0,0.2716,0.018820379025584647,60,0.16713333333333338,0.024431855344110805,60,happy_energetic,1,1,neutral
1657.0,0.32765,0.02959100370044923,60,0.45955,0.012018631369669335,60,happy_energetic,1,1,happy
1658.0,0.42273333333333335,0.02399712945796272,60,0.38285,0.041828947313234326,60,happy_energetic,1,1,happy
1659.0,0.04953333333333333,0.026681745736655906,60,0.3041499999999999,0.033540435795220876,60,happy_energetic,1,1,neutral
1660.0,0.26471666666666666,0.08489721072502258,60,0.38465,0.03931362147313998,60,happy_energetic,1,1,neutral
1661.0,0.26275,0.019573472694780897,60,0.5357166666666667,0.03541755293008758,60,happy_energetic,1,1,neutral
1662.0,0.3642,0.02722547826332289,60,0.4295833333333334,0.11541205766970607,60,happy_energetic,1,1,happy
1663.0,-0.04191666666666667,0.06971687783855181,60,0.3328499999999999,0.0607420296554755,60,angry_energetic,0,1,neutral
1664.0,0.09471666666666669,0.015723752379406413,60,0.14705,0.012765089110538945,60,happy_energetic,1,1,neutral
1665.0,0.29281666666666667,0.011988177046110417,60,0.39981666666666676,0.10021385327832119,60,happy_energetic,1,1,neutral
1666.0,-0.010366666666666668,0.037343436133037124,60,-0.006949999999999999,0.056072995580166166,60,sad_calm,0,0,neutral
1667.0,0.4963333333333333,0.021173688929478997,60,0.7520333333333333,0.04432642803364852,60,happy_energetic,1,1,happy
1668.0,0.31275000000000003,0.005290321351298053,60,0.3404333333333333,0.012102846313528426,60,happy_energetic,1,1,happy
1669.0,0.22346666666666667,0.08374852569183265,60,0.19866666666666663,0.10637052641069747,60,happy_energetic,1,1,neutral
1670.0,0.32931666666666665,0.013498755086632574,60,0.35453333333333337,0.04938099049454376,60,happy_energetic,1,1,happy
1671.0,0.021,0.024906491790963523,60,-0.04488333333333334,0.1393577042083509,60,peaceful_calm,1,0,neutral
1672.0,0.14509999999999998,0.021575989741685855,60,-0.09251666666666665,0.02746360723252177,60,peaceful_calm,1,0,neutral
1673.0,0.3982833333333334,0.008631515252581984,60,0.4483166666666667,0.016676821906133347,60,happy_energetic,1,1,happy
1674.0,0.25856666666666667,0.024550198007800714,60,0.23378333333333332,0.036165864046393555,60,happy_energetic,1,1,neutral
1675.0,0.2016166666666667,0.030012825961948705,60,0.4069666666666667,0.06657075600859251,60,happy_energetic,1,1,neutral
1676.0,0.2862,0.021090914315568834,60,0.25458333333333333,0.02733208838628244,60,happy_energetic,1,1,neutral
1677.0,0.5068333333333334,0.01579679995723467,60,0.4741,0.016073477118118108,60,happy_energetic,1,1,happy
1678.0,0.19425,0.04285970329653095,60,0.13783333333333334,0.03609578307164918,60,happy_energetic,1,1,neutral
1679.0,0.16555,0.027668529053782386,60,0.3436833333333334,0.03148041278142472,60,happy_energetic,1,1,neutral
1680.0,0.47391666666666665,0.013158383470455457,60,0.5199166666666667,0.02068678456298988,60,happy_energetic,1,1,happy
1681.0,0.15458333333333338,0.03338477280970406,60,0.2000333333333333,0.028413592209050622,60,happy_energetic,1,1,neutral
1682.0,0.3099333333333333,0.040956426710455206,60,0.33525,0.06761598060616537,60,happy_energetic,1,1,happy
1683.0,0.3492833333333333,0.0512588501843557,60,0.31718333333333326,0.040287091260380437,60,happy_energetic,1,1,happy
1684.0,0.30893333333333334,0.041231406583924456,60,0.31906666666666667,0.047519072194459167,60,happy_energetic,1,1,happy
1685.0,0.23826666666666665,0.0543742790501375,60,0.2715666666666667,0.07834312704733937,60,happy_energetic,1,1,neutral
1686.0,-0.004583333333333333,0.013188747308048462,60,0.020116666666666668,0.06417971945162185,60,angry_energetic,0,1,neutral
1687.0,0.29828333333333323,0.01867983910232872,60,0.276,0.04958864117248358,60,happy_energetic,1,1,neutral
1688.0,0.19899999999999998,0.026443650781740914,60,0.3398000000000001,0.029075075236360094,60,happy_energetic,1,1,neutral
1689.0,0.5527000000000001,0.010641585094962722,60,0.5791999999999999,0.02726340648806257,60,happy_energetic,1,1,happy
1690.0,0.2968166666666667,0.09761753457015575,60,0.18798333333333334,0.10836181548661666,60,happy_energetic,1,1,neutral
1691.0,-0.06518333333333333,0.01615393828830054,60,0.04521666666666667,0.04265836833364456,60,angry_energetic,0,1,neutral
1692.0,-0.05516666666666667,0.13238065904386823,60,0.011299999999999992,0.15126051478602515,60,angry_energetic,0,1,neutral
1693.0,-0.022050000000000004,0.0708482944984093,60,-0.008916666666666666,0.05251453502497084,60,sad_calm,0,0,neutral
1694.0,-0.03763333333333333,0.06781444454457243,60,0.5694166666666669,0.04407580275943806,60,angry_energetic,0,1,neutral
1695.0,0.33048333333333335,0.027591358349228764,60,0.39021666666666666,0.044424502123140204,60,happy_energetic,1,1,happy
1696.0,0.13995,0.021592764992006002,60,0.07515000000000001,0.04021476718818598,60,happy_energetic,1,1,neutral
1697.0,-0.15724999999999997,0.05007115769915185,60,-0.15981666666666666,0.06587045156129483,60,sad_calm,0,0,neutral
1698.0,0.15941666666666665,0.024814170458743037,60,0.2263,0.02362646820834633,60,happy_energetic,1,1,neutral
1699.0,0.19828333333333334,0.02145156689433716,60,0.24215000000000006,0.017729283685473593,60,happy_energetic,1,1,neutral
1700.0,0.28175000000000006,0.014024532077755742,60,0.23336666666666664,0.042404389185816856,60,happy_energetic,1,1,neutral
1701.0,0.0774,0.017081373871364488,60,-0.020466666666666668,0.02086980807024561,60,peaceful_calm,1,0,neutral
1702.0,-0.026233333333333334,0.06812497502547962,60,-0.013866666666666666,0.11640424772700045,60,sad_calm,0,0,neutral
1703.0,0.08420000000000002,0.02198696583584617,60,0.51055,0.04421516519626874,60,happy_energetic,1,1,neutral
1704.0,0.17001666666666668,0.06541750317936494,60,0.4294333333333332,0.06899066764586513,60,happy_energetic,1,1,neutral
1705.0,-0.014916666666666668,0.022784711004433557,60,0.0824,0.018235679312819688,60,angry_energetic,0,1,neutral
1706.0,0.2917666666666667,0.01915147223815675,60,0.1787,0.043753971248333565,60,happy_energetic,1,1,neutral
1707.0,-0.2992666666666666,0.054485125391145875,60,0.06325,0.06164593119852545,60,angry_energetic,0,1,neutral
1708.0,-0.03228333333333333,0.017112462969686416,60,0.1650166666666667,0.023210264731124655,60,angry_energetic,0,1,neutral
1709.0,-0.04638333333333333,0.03335820322232932,60,0.15278333333333333,0.02125095422694133,60,angry_energetic,0,1,neutral
1710.0,-0.12988333333333332,0.006303680582714267,60,0.01795,0.06272490866208309,60,angry_energetic,0,1,neutral
1711.0,0.15973333333333337,0.03401218735819395,60,0.053033333333333335,0.032512544587521224,60,happy_energetic,1,1,neutral
1712.0,-0.22611666666666666,0.053933011432908344,60,-0.06653333333333336,0.11208381784281897,60,sad_calm,0,0,neutral
1713.0,0.36476666666666663,0.02136614663953756,60,0.4431666666666666,0.05475922043110386,60,happy_energetic,1,1,happy
1714.0,0.2536,0.013473678042761752,60,0.052099999999999994,0.013741300278115364,60,happy_energetic,1,1,neutral
1715.0,0.3579833333333333,0.010218433778661433,60,0.41156666666666664,0.026315626958562516,60,happy_energetic,1,1,happy
1716.0,0.3473333333333334,0.045382693715654294,60,0.24615,0.05903158053110217,60,happy_energetic,1,1,happy
1717.0,0.29824999999999996,0.0313324246322134,60,0.22987037037036667,0.06254285499206905,60,happy_energetic,1,1,neutral
1718.0,0.08306666666666666,0.020020711498068413,60,-0.026683333333333337,0.032519989579060785,60,peaceful_calm,1,0,neutral
1719.0,0.07268333333333334,0.012250838973537915,60,-0.002433333333333334,0.04793202362605703,60,peaceful_calm,1,0,neutral
1720.0,0.6375999999999998,0.051360555552550896,60,0.4911,0.06435570422788228,60,happy_energetic,1,1,happy
1721.0,-0.027033333333333333,0.056804626180933154,60,-0.12253333333333334,0.1190100089161505,60,sad_calm,0,0,neutral
1722.0,0.23565000000000003,0.01273423862401413,60,0.055766666666666666,0.044458357544510746,60,happy_energetic,1,1,neutral
1723.0,0.039899999999999984,0.012766753698571926,60,-0.11325,0.05850943656083749,60,peaceful_calm,1,0,neutral
1724.0,-0.1540166666666667,0.01633043341603509,60,-0.140870370370415,0.012071616996128501,60,sad_calm,0,0,neutral
1725.0,0.29401666666666676,0.01520689719246573,60,0.18228333333333332,0.01744619506431767,60,happy_energetic,1,1,neutral
1726.0,0.10921666666666666,0.040395169540704025,60,0.0058,0.10339258516289583,60,happy_energetic,1,1,neutral
1727.0,0.24363333333333334,0.018097851315065618,60,0.22401666666666667,0.011427294323485134,60,happy_energetic,1,1,neutral
1728.0,-0.28286666666666666,0.03145603633998127,60,0.2695,0.06816193952639552,60,angry_energetic,0,1,neutral
1729.0,0.2569333333333333,0.03165483989675021,60,0.3365999999999999,0.014780843458116089,60,happy_energetic,1,1,neutral
1730.0,0.3586166666666667,0.014753634203890987,60,0.1483666666666667,0.03186793930513166,60,happy_energetic,1,1,happy
1731.0,-0.015483333333333333,0.030380636194055507,60,0.27466666666666667,0.027604146226407524,60,angry_energetic,0,1,neutral
1732.0,-0.08391666666666668,0.0252410325110171,60,-0.01975,0.04803631438817928,60,sad_calm,0,0,neutral
1733.0,-0.1365833333333333,0.02206376491495099,60,0.09958333333333333,0.036862036327666735,60,angry_energetic,0,1,neutral
1734.0,0.24361666666666665,0.026952483909444953,60,0.25365000000000004,0.046278441705254796,60,happy_energetic,1,1,neutral
1735.0,0.039466666666666664,0.00860322936783366,60,-0.09938333333333334,0.01480888434540413,60,peaceful_calm,1,0,neutral
1736.0,0.12438333333333333,0.0553001180428718,60,0.011566666666666666,0.04594756673523516,60,happy_energetic,1,1,neutral
1737.0,-0.09588333333333333,0.023021071265738748,60,0.049466666666666666,0.06478360560786622,60,angry_energetic,0,1,neutral
1738.0,-0.41200000000000003,0.0338339080410959,60,0.22508333333333336,0.03662298534466511,60,angry_energetic,0,1,sad
1739.0,0.044366666666666665,0.04037737265130338,60,0.040299999999999996,0.02625534866143151,60,happy_energetic,1,1,neutral
1740.0,0.28405,0.018968768190545913,60,0.2338,0.018369177081912696,60,happy_energetic,1,1,neutral
1741.0,-0.28381666666666666,0.09578073774106265,60,-0.023450000000000002,0.06920125841823013,60,sad_calm,0,0,neutral
1742.0,0.43374999999999997,0.037810327072551664,60,0.357,0.027319712053143357,60,happy_energetic,1,1,happy
1743.0,0.48279999999999995,0.030517645169093027,60,0.5307666666666667,0.03702808243602264,60,happy_energetic,1,1,happy
1744.0,0.12345,0.02009927444793302,60,0.035916666666666666,0.020844896790874794,60,happy_energetic,1,1,neutral
1745.0,0.4760666666666667,0.016366496944130164,60,0.46175,0.06075432083399502,60,happy_energetic,1,1,happy
1746.0,0.25630000000000003,0.040759170747207314,60,0.22336666666666669,0.03562675336815797,60,happy_energetic,1,1,neutral
1747.0,-0.20095,0.03770871915088074,60,-0.028700000000000003,0.02594950224313882,60,sad_calm,0,0,neutral
1748.0,0.22949999999999995,0.013118053717428257,60,0.19611666666666672,0.06733871884403175,60,happy_energetic,1,1,neutral
1749.0,0.42984999999999995,0.05126461580206501,60,0.10988333333333333,0.09810353232965445,60,happy_energetic,1,1,happy
1750.0,0.1882833333333333,0.023777504541524584,60,0.4000666666666666,0.11041329428812256,60,happy_energetic,1,1,neutral
1751.0,0.10068333333333333,0.03940748307393181,60,0.16933333333333334,0.10054512530313055,60,happy_energetic,1,1,neutral
1752.0,0.023733333333333332,0.01092682733255887,60,0.45538333333333336,0.05731785401503522,60,happy_energetic,1,1,neutral
1753.0,-0.23698333333333332,0.07366624999882164,60,0.10223333333333333,0.04731573616556007,60,angry_energetic,0,1,neutral
1754.0,-0.07691666666666667,0.02573473117965076,60,-0.13069999999999998,0.03034869574352963,60,sad_calm,0,0,neutral
1755.0,0.36110000000000003,0.05139640065218575,60,0.3643666666666665,0.027525725341134167,60,happy_energetic,1,1,happy
1756.0,-0.012883333333333335,0.046055796474373224,60,0.05948333333333333,0.07664039223687612,60,angry_energetic,0,1,neutral
1757.0,0.12113333333333334,0.029285643050629587,60,-0.12104999999999996,0.05295357243221021,60,peaceful_calm,1,0,neutral
1758.0,0.14941666666666667,0.06564431726272191,60,-0.20371666666666666,0.03216887298132916,60,peaceful_calm,1,0,neutral
1759.0,0.32493333333333335,0.014014119863750124,60,0.11914999999999999,0.01945492653973966,60,happy_energetic,1,1,happy
1760.0,0.11313333333333335,0.02455433883360649,60,0.04346666666666666,0.09079821339407267,60,happy_energetic,1,1,neutral
1761.0,0.5886333333333335,0.0886966678567402,60,0.5705166666666666,0.08487019336741387,60,happy_energetic,1,1,happy
1762.0,0.5119333333333335,0.03254784512409729,60,0.30435000000000006,0.029508656921881985,60,happy_energetic,1,1,happy
1763.0,0.15358333333333335,0.02592572189073152,60,-0.051100000000000007,0.03428153049870051,60,peaceful_calm,1,0,neutral
1764.0,0.15181666666666666,0.0652647152415113,60,0.011499999999999998,0.07059284666310035,60,happy_energetic,1,1,neutral
1765.0,0.2510666666666667,0.028474471997836166,60,0.17180000000000004,0.037298257331945146,60,happy_energetic,1,1,neutral
1766.0,-0.11036666666666668,0.08301404834256804,60,-0.19021666666666665,0.014465005665014062,60,sad_calm,0,0,neutral
1767.0,-0.2237333333333333,0.05428347405569724,60,-0.2518666666666667,0.08873583768066254,60,sad_calm,0,0,neutral
1768.0,0.002416666666666666,0.04151035680673225,60,-0.11864999999999998,0.03134795314955454,60,peaceful_calm,1,0,neutral
1769.0,0.3619166666666667,0.021058087651910744,60,0.2653166666666667,0.009547236365683123,60,happy_energetic,1,1,happy
1770.0,-0.024166666666666666,0.05170498579011076,60,-0.1373,0.03778328554621298,60,sad_calm,0,0,neutral
1771.0,0.07719999999999998,0.014980876698867348,60,0.32409999999999994,0.05077259759620998,60,happy_energetic,1,1,neutral
1772.0,0.137,0.025271195724249636,60,0.07751666666666668,0.03993640430595735,60,happy_energetic,1,1,neutral
1773.0,0.2749666666666667,0.031203080332272037,60,0.08295000000000002,0.013159818894397194,60,happy_energetic,1,1,neutral
1774.0,0.2401666666666667,0.007804201147814909,60,0.24494999999999997,0.016216683795811444,60,happy_energetic,1,1,neutral
1775.0,0.05278333333333333,0.03722324169416499,60,-0.11688333333333333,0.02356628358953151,60,peaceful_calm,1,0,neutral
1776.0,0.21021666666666666,0.016114270762967287,60,-0.11983333333333333,0.06015595472510505,60,peaceful_calm,1,0,neutral
1777.0,0.3733333333333333,0.04554253201373659,60,0.2002833333333333,0.03667837313125483,60,happy_energetic,1,1,happy
1778.0,0.04826666666666666,0.03695847519702198,60,-0.04253333333333333,0.06252371994335874,60,peaceful_calm,1,0,neutral
1779.0,0.29483333333333334,0.04016348535119377,60,0.08763333333333333,0.023330928447496947,60,happy_energetic,1,1,neutral
1780.0,0.22056666666666666,0.04423511676886991,60,-0.07933333333333333,0.04440182678924621,60,peaceful_calm,1,0,neutral
1781.0,0.09545,0.021344339608742487,60,-0.14478333333333335,0.09403440711900204,60,peaceful_calm,1,0,neutral
1782.0,0.06978333333333332,0.08645597948603029,60,0.28113333333333324,0.07251792115669678,60,happy_energetic,1,1,neutral
1783.0,-0.0755,0.050527715167024916,60,-0.02725,0.0426073643869226,60,sad_calm,0,0,neutral
1784.0,0.3375333333333333,0.033122231540495914,60,0.17636666666666664,0.009110372598795774,60,happy_energetic,1,1,happy
1785.0,0.2592166666666667,0.03328417625372286,60,0.35028333333333334,0.02288747231323041,60,happy_energetic,1,1,neutral
1786.0,-0.06378333333333334,0.045718738560414765,60,-0.1486833333333333,0.038764026135351605,60,sad_calm,0,0,neutral
1787.0,0.07308333333333335,0.008246800726477039,60,-0.007350000000000001,0.04043918273160327,60,peaceful_calm,1,0,neutral
1788.0,-0.16918333333333332,0.03857611163516728,60,0.34701666666666675,0.016383418107613828,60,angry_energetic,0,1,neutral
1789.0,0.23998333333333335,0.03606359737402185,60,0.3182499999999999,0.02596512083545925,60,happy_energetic,1,1,neutral
1790.0,-0.20075000000000004,0.08362488166409167,60,-0.013049999999999999,0.09850777042108573,60,sad_calm,0,0,neutral
1791.0,0.28056666666666674,0.04562249688719614,60,0.05345,0.029852093728916233,60,happy_energetic,1,1,neutral
1792.0,0.38393333333333335,0.020691275670893017,60,0.17636666666666664,0.023921375843003308,60,happy_energetic,1,1,happy
1793.0,0.12411666666666665,0.04813802781816287,60,0.15276666666666666,0.016251529842517046,60,happy_energetic,1,1,neutral
1794.0,-0.054049999999999994,0.026605403586489725,60,0.15845,0.023554493555724493,60,angry_energetic,0,1,neutral
1795.0,-0.04148333333333334,0.07584007112924465,60,-0.055783333333333324,0.1409609983490311,60,sad_calm,0,0,neutral
1796.0,0.44026666666666664,0.026657623466635003,60,0.5372333333333333,0.003993188645125044,60,happy_energetic,1,1,happy
1797.0,-0.03083333333333333,0.03261347710516143,60,0.09813333333333332,0.06161587097132974,60,angry_energetic,0,1,neutral
1798.0,0.19811666666666666,0.021090354562110985,60,0.021866666666666663,0.013064540643368303,60,happy_energetic,1,1,neutral
1799.0,0.3536666666666667,0.015418243162637629,60,0.1948,0.020850899261182956,60,happy_energetic,1,1,happy
1800.0,-0.14281666666666668,0.034523176595183454,60,-0.22328333333333333,0.0968480066335332,60,sad_calm,0,0,neutral
1801.0,-0.16938333333333333,0.07078066865716624,60,-0.06434999999999999,0.059461142774083986,60,sad_calm,0,0,neutral
1802.0,0.3006,0.08324245711574513,60,0.39351666666666674,0.18799694072569964,60,happy_energetic,1,1,happy
1803.0,0.18969999999999995,0.012344094404478067,60,0.011949999999999999,0.03128494046662068,60,happy_energetic,1,1,neutral
1804.0,0.21993333333333334,0.035794257764184594,60,0.47805,0.009807182741915912,60,happy_energetic,1,1,neutral
1805.0,0.27686666666666665,0.016064937666303656,60,0.31341666666666673,0.023569253747673522,60,happy_energetic,1,1,neutral
1806.0,0.3861,0.03246726556600254,60,0.4420666666666666,0.022268712480867765,60,happy_energetic,1,1,happy
1807.0,0.30325,0.02062411614267789,60,0.3947833333333333,0.03203648527677293,60,happy_energetic,1,1,happy
1808.0,0.2177666666666667,0.011504153839181549,60,0.3226333333333333,0.03791392297765499,60,happy_energetic,1,1,neutral
1809.0,-0.016866666666666665,0.03279098792181914,60,0.22103703703708336,0.03191995303752839,60,angry_energetic,0,1,neutral
1810.0,0.08689999999999999,0.05250450774298653,60,0.04805,0.05218793762291564,60,happy_energetic,1,1,neutral
1811.0,0.14356666666666665,0.013285790237024751,60,0.3138333333333333,0.026524935857080264,60,happy_energetic,1,1,neutral
1812.0,0.21271666666666667,0.030103206732100086,60,0.2631,0.017650967867702514,60,happy_energetic,1,1,neutral
1813.0,0.43438333333333345,0.021505884207712916,60,0.3283833333333333,0.04145684168170825,60,happy_energetic,1,1,happy
1814.0,0.48441666666666666,0.011785996870109137,60,0.4228833333333333,0.024070100170589703,60,happy_energetic,1,1,happy
1815.0,0.46169999999999994,0.016408635937619348,60,0.42645,0.04221430444766324,60,happy_energetic,1,1,happy
1816.0,0.15259999999999999,0.020683487778096483,60,0.21216666666666664,0.03105648974941559,60,happy_energetic,1,1,neutral
1817.0,0.4805,0.03745330426010502,60,0.5133500000000001,0.056993515713047,60,happy_energetic,1,1,happy
1818.0,0.11591666666666665,0.028929968122269948,60,0.0629,0.010374166633196775,60,happy_energetic,1,1,neutral
1819.0,-0.0697,0.022668847934261382,60,0.125,0.025899806949087476,60,angry_energetic,0,1,neutral
1820.0,0.09275000000000001,0.012644662905748023,60,0.26908333333333334,0.026448246108621683,60,happy_energetic,1,1,neutral
1821.0,0.3399833333333334,0.02065388717785481,60,0.4921000000000001,0.042024873586960394,60,happy_energetic,1,1,happy
1822.0,0.03356666666666667,0.059881095143254987,60,0.012933333333333337,0.03239334636756272,60,happy_energetic,1,1,neutral
1823.0,-0.19908333333333336,0.14600688244813056,60,0.2531999999999999,0.13121214374693627,60,angry_energetic,0,1,neutral
1824.0,0.39473333333333344,0.02350096924715139,60,0.3907,0.02703966222668718,60,happy_energetic,1,1,happy
1825.0,0.22565000000000002,0.06810037322462581,60,0.30026666666666657,0.022351634292721318,60,happy_energetic,1,1,neutral
1826.0,0.16658333333333336,0.024766436741866783,60,0.08874999999999998,0.03159252284956047,60,happy_energetic,1,1,neutral
1827.0,0.14305,0.026313763825547017,60,0.49165000000000003,0.04771890785282777,60,happy_energetic,1,1,neutral
1828.0,0.2226,0.014314561350829673,60,0.5887333333333333,0.04344071311057813,60,happy_energetic,1,1,neutral
1829.0,0.06548333333333334,0.020602986568834032,60,0.25270000000000004,0.023172037746675044,60,happy_energetic,1,1,neutral
1830.0,0.2566166666666667,0.00924678622849883,60,0.27690000000000003,0.008352045657601883,60,happy_energetic,1,1,neutral
1831.0,0.38933333333333336,0.024017123520984392,60,0.39548333333333335,0.026161990027943637,60,happy_energetic,1,1,happy
1832.0,0.40109999999999996,0.011953660527219257,60,0.23466666666666663,0.06690108785031494,60,happy_energetic,1,1,happy
1833.0,0.14375,0.028797931059944794,60,0.15708333333333332,0.07900006153302808,60,happy_energetic,1,1,neutral
1834.0,0.5037166666666667,0.02103417193256937,60,0.45180000000000003,0.009500526301210899,60,happy_energetic,1,1,happy
1835.0,0.06493333333333333,0.023740869589989513,60,-0.08995000000000002,0.02545677709373282,60,peaceful_calm,1,0,neutral
1836.0,0.07819999999999999,0.07815727733231244,60,0.21234999999999998,0.09082911152268308,60,happy_energetic,1,1,neutral
1837.0,-0.06505000000000001,0.022044216928709445,60,-0.016466666666666668,0.05393467241848131,60,sad_calm,0,0,neutral
1838.0,0.06780000000000001,0.017559233088795954,60,0.3534833333333333,0.009533260489232184,60,happy_energetic,1,1,neutral
1839.0,0.42365,0.024008904598086106,60,0.4105,0.012495999359795106,60,happy_energetic,1,1,happy
1840.0,0.13675000000000004,0.027068816622330082,60,0.35941666666666655,0.02237281957097843,60,happy_energetic,1,1,neutral
1841.0,0.2834333333333333,0.02732298584627155,60,0.0015166666666666666,0.03472582692399931,60,happy_energetic,1,1,neutral
1842.0,0.2249,0.05128082812643857,60,0.43155,0.11511956465634617,60,happy_energetic,1,1,neutral
1843.0,0.3011999999999999,0.032070651173100095,60,0.27736666666666665,0.02239044935284288,60,happy_energetic,1,1,happy
1844.0,0.48595000000000005,0.025038919705131054,60,0.4482833333333333,0.025759847092368823,60,happy_energetic,1,1,happy
1845.0,0.27735,0.021398461782723227,60,0.3734,0.08238248195662311,60,happy_energetic,1,1,neutral
1846.0,0.30211666666666664,0.06634482940583153,60,0.3641,0.052741097195008496,60,happy_energetic,1,1,happy
1847.0,-0.2243666666666667,0.025187276329307402,60,-0.13730000000000003,0.04127642587886375,60,sad_calm,0,0,neutral
1848.0,0.20083333333333334,0.022668749904267378,60,0.29373333333333335,0.034584132520886254,60,happy_energetic,1,1,neutral
1849.0,0.39893333333333325,0.03645676282331655,60,0.3608666666666667,0.06005066379501748,60,happy_energetic,1,1,happy
1850.0,-0.19356666666666672,0.004306455103162644,60,-0.07743333333333334,0.0447043497759322,60,sad_calm,0,0,neutral
1851.0,0.14033333333333337,0.01299444325685235,60,-0.021433333333333335,0.01635172433992479,60,peaceful_calm,1,0,neutral
1852.0,0.0969,0.02698252520922878,60,0.25933333333333336,0.007228800422999355,60,happy_energetic,1,1,neutral
1853.0,0.3914666666666668,0.015535407586828512,60,0.28425000000000006,0.013357426149274909,60,happy_energetic,1,1,happy
1854.0,0.12626666666666667,0.048793738213923396,60,0.2638666666666667,0.038910781139536235,60,happy_energetic,1,1,neutral
1855.0,0.2924333333333334,0.036738883428263786,60,0.46598333333333325,0.07387906597195777,60,happy_energetic,1,1,neutral
1856.0,0.2979166666666667,0.02263131434293839,60,0.6551166666666667,0.01659828471726992,60,happy_energetic,1,1,neutral
1857.0,0.17853333333333332,0.025387967403651852,60,0.34616666666666673,0.012955264910023596,60,happy_energetic,1,1,neutral
1858.0,0.23823333333333335,0.017522715416154983,60,0.3835,0.025296574208114955,60,happy_energetic,1,1,neutral
1859.0,0.2924666666666666,0.0211773988540194,60,0.31873333333333337,0.021095707830951983,60,happy_energetic,1,1,neutral
1860.0,-0.16686666666666666,0.051102989692928494,60,0.11523333333333333,0.04386432364563358,60,angry_energetic,0,1,neutral
1861.0,0.18275,0.027457618857674698,60,0.26541666666666663,0.010331653089199021,60,happy_energetic,1,1,neutral
1862.0,0.12804999999999997,0.048692033913841255,60,0.2784333333333333,0.015753694452060717,60,happy_energetic,1,1,neutral
1863.0,0.5008666666666667,0.019181993871568447,60,0.46241666666666664,0.014925695591458664,60,happy_energetic,1,1,happy
1864.0,0.30435185185181673,0.0825148176409036,60,0.6906333333333335,0.038347519114308046,60,happy_energetic,1,1,happy
1865.0,0.49996666666666667,0.018467057757591557,60,0.4387000000000001,0.015050249167372623,60,happy_energetic,1,1,happy
1866.0,0.13533333333333336,0.020538311084951025,60,0.23359999999999997,0.015274379420017912,60,happy_energetic,1,1,neutral
1867.0,0.06901666666666667,0.008762594111081237,60,0.06076666666666667,0.03574276927653418,60,happy_energetic,1,1,neutral
1868.0,0.3092333333333333,0.01956218006483145,60,0.23704999999999998,0.04105054810839923,60,happy_energetic,1,1,happy
1869.0,-0.049933333333333337,0.02747475609031356,60,0.04808333333333334,0.014897753372759115,60,angry_energetic,0,1,neutral
1870.0,0.4392166666666667,0.04924567380886253,60,0.49745,0.08816942497260599,60,happy_energetic,1,1,happy
1871.0,0.5486166666666666,0.052558250753066554,60,0.5636666666666666,0.06609857957794722,60,happy_energetic,1,1,happy
1872.0,-0.03575,0.050949852796647016,60,0.30011666666666664,0.0605161388024348,60,angry_energetic,0,1,neutral
1873.0,0.1935333333333334,0.01160383078508511,60,0.060444444444441664,0.02795513748731215,60,happy_energetic,1,1,neutral
1874.0,0.2801666666666666,0.02248567445187169,60,0.43700000000000006,0.04655355339104989,60,happy_energetic,1,1,neutral
1875.0,0.5064,0.016163951662057575,60,0.4706166666666667,0.022485618860853162,60,happy_energetic,1,1,happy
1876.0,0.39874999999999994,0.015677611425213976,60,0.39118333333333327,0.030289432517335516,60,happy_energetic,1,1,happy
1877.0,0.3341166666666666,0.02065437134254043,60,0.4858833333333334,0.01564298742425997,60,happy_energetic,1,1,happy
1878.0,0.5285666666666667,0.02446995890656314,60,0.4077666666666667,0.015930439067674454,60,happy_energetic,1,1,happy
1879.0,-0.04386666666666667,0.019955339023819053,60,0.5730499999999998,0.048222893940534084,60,angry_energetic,0,1,neutral
1880.0,0.22057407407406668,0.016114931432890438,60,-0.17037037037036665,0.01309771234173529,60,peaceful_calm,1,0,neutral
1881.0,0.38833333333333336,0.050563711185878046,60,0.49411666666666665,0.03636806825896709,60,happy_energetic,1,1,happy
1882.0,0.3424833333333333,0.02330342726343535,60,0.4240833333333333,0.03846179561879842,60,happy_energetic,1,1,happy
1883.0,0.32449999999999996,0.015504300478684407,60,0.23385,0.02125231359954331,60,happy_energetic,1,1,happy
1884.0,0.4748666666666666,0.023200191570090296,60,0.4294666666666667,0.010471336537848886,60,happy_energetic,1,1,happy
1885.0,-0.28393333333333337,0.03164852111693197,60,0.20301666666666665,0.03641588099838982,60,angry_energetic,0,1,neutral
1886.0,-0.21393333333333334,0.03508032053572044,60,-0.10315,0.0608330570769983,60,sad_calm,0,0,neutral
1887.0,0.1823,0.09315440587182837,60,0.26459999999999995,0.08848544136372567,60,happy_energetic,1,1,neutral
1888.0,-0.11563333333333334,0.04167251958891961,60,-0.18741666666666668,0.06936168290602208,60,sad_calm,0,0,neutral
1889.0,0.3106666666666666,0.04002110554306176,60,0.4615,0.04657341874216808,60,happy_energetic,1,1,happy
1890.0,0.4556666666666667,0.013747322971723954,60,0.43284999999999996,0.018525500443082956,60,happy_energetic,1,1,happy
1891.0,0.24411666666666665,0.03797766521990992,60,0.05033333333333334,0.03171837882924591,60,happy_energetic,1,1,neutral
1892.0,0.16355,0.029607107817774658,60,0.4818833333333333,0.018943857110478378,60,happy_energetic,1,1,neutral
1893.0,0.40048333333333325,0.049896389871635236,60,0.4133666666666667,0.04700140659833727,60,happy_energetic,1,1,happy
1894.0,0.07876666666666668,0.04141632796642192,60,0.24506666666666668,0.04654920932614096,60,happy_energetic,1,1,neutral
1895.0,0.45558333333333334,0.08046765223091548,60,0.41530000000000006,0.022809574013266155,60,happy_energetic,1,1,happy
1896.0,0.045166666666666674,0.02980389609132038,60,-0.38931481481483327,0.08213310778057194,60,peaceful_calm,1,0,neutral
1897.0,-0.04348333333333333,0.030120586352563296,60,0.10695,0.03405604449531194,60,angry_energetic,0,1,neutral
1898.0,0.15535,0.05248962595916772,60,0.17305555555558333,0.03571297616649525,60,happy_energetic,1,1,neutral
1899.0,0.2793333333333333,0.03188503654624777,60,0.03695,0.04103389858803735,60,happy_energetic,1,1,neutral
1900.0,0.2982833333333333,0.035737045049764375,60,0.6319666666666668,0.0200681893110022,60,happy_energetic,1,1,neutral
1901.0,0.0752,0.03107131581807675,60,0.54435,0.030287414878130477,60,happy_energetic,1,1,neutral
1902.0,0.09083333333333334,0.027072228492600225,60,0.6127,0.05430141189079096,60,happy_energetic,1,1,neutral
1903.0,-0.3667666666666667,0.02361381422435229,60,0.6537999999999999,0.060939259376311214,60,angry_energetic,0,1,sad
1904.0,-0.051233333333333325,0.016539212664318563,60,-0.014816666666666669,0.014418150212685247,60,sad_calm,0,0,neutral
1905.0,-0.0010000000000000002,0.026297655155292206,60,0.5322333333333333,0.037463033631686696,60,angry_energetic,0,1,neutral
1906.0,0.06350000000000001,0.020354770120703074,60,0.26343333333333335,0.09085416274936933,60,happy_energetic,1,1,neutral
1907.0,0.18924999999999997,0.02613976855291569,60,0.46615,0.030353377077353354,60,happy_energetic,1,1,neutral
1908.0,0.08546666666666666,0.0315760809615267,60,0.31533333333333324,0.034806927790631305,60,happy_energetic,1,1,neutral
1909.0,0.07181666666666667,0.011427294323485134,60,0.34778333333333333,0.016866230231507632,60,happy_energetic,1,1,neutral
1910.0,0.05525,0.028469647580069084,60,0.14071666666666668,0.04227414168916449,60,happy_energetic,1,1,neutral
1911.0,0.07703333333333333,0.026524181838884726,60,0.3638333333333334,0.054909369773189796,60,happy_energetic,1,1,neutral
1912.0,0.37909999999999994,0.02965788259468299,60,0.4055833333333334,0.059713284860982895,60,happy_energetic,1,1,happy
1913.0,0.43901666666666667,0.010129974772371798,60,0.45853333333333335,0.05044814719645862,60,happy_energetic,1,1,happy
1914.0,0.25648333333333334,0.03181220503028497,60,0.47453333333333336,0.07461399928223182,60,happy_energetic,1,1,neutral
1915.0,0.41798333333333343,0.009749344707323786,60,0.47953333333333337,0.05163379599534485,60,happy_energetic,1,1,happy
1916.0,0.22143333333333332,0.026235069828168728,60,0.4406,0.06904327145590174,60,happy_energetic,1,1,neutral
1917.0,-0.03698333333333333,0.019513663304350507,60,0.3053333333333334,0.09293271161915424,60,angry_energetic,0,1,neutral
1918.0,-0.08593333333333332,0.027067733969104658,60,0.14501666666666668,0.029522585516102,60,angry_energetic,0,1,neutral
1919.0,0.02311666666666667,0.024210253796457585,60,0.3734333333333334,0.0065887952026316855,60,happy_energetic,1,1,neutral
1920.0,0.21851666666666664,0.0625935277981855,60,0.6062,0.06487187372043451,60,happy_energetic,1,1,neutral
1921.0,-0.03731666666666667,0.01877275656074219,60,0.5463333333333334,0.010060925515191041,60,angry_energetic,0,1,neutral
1922.0,0.29976666666666674,0.040496652810928575,60,0.30998333333333333,0.06864752767256484,60,happy_energetic,1,1,neutral
1923.0,0.4141666666666666,0.008957616250369782,60,0.5142500000000001,0.03021733773845739,60,happy_energetic,1,1,happy
1924.0,0.05168333333333334,0.04013082425711632,60,0.51245,0.03628012541323421,60,happy_energetic,1,1,neutral
1925.0,0.21470000000000003,0.013110174166145417,60,0.28788333333333327,0.027918388006632638,60,happy_energetic,1,1,neutral
1926.0,0.08336666666666667,0.022083905652961137,60,0.47826666666666673,0.025872035525296846,60,happy_energetic,1,1,neutral
1927.0,0.26841666666666664,0.03387146865562354,60,0.1178,0.07187159847023486,60,happy_energetic,1,1,neutral
1928.0,-0.13874999999999998,0.03141423509599855,60,0.4421333333333333,0.012079551132205026,60,angry_energetic,0,1,neutral
1929.0,0.03943333333333333,0.028977213269893446,60,0.6411166666666666,0.050123212076730386,60,happy_energetic,1,1,neutral
1930.0,0.03836666666666667,0.015729978455872793,60,0.12898333333333334,0.017778724801164894,60,happy_energetic,1,1,neutral
1931.0,0.0814,0.05708187102749874,60,0.31205,0.035813137719743766,60,happy_energetic,1,1,neutral
1932.0,-0.10353333333333334,0.04852300714323281,60,0.5193166666666666,0.041555381387038466,60,angry_energetic,0,1,neutral
1933.0,0.16933333333333334,0.013475492157575871,60,0.5283666666666667,0.01956013519607901,60,happy_energetic,1,1,neutral
1934.0,0.20761666666666667,0.0466994260017068,60,-0.07978333333333334,0.03786207058375029,60,peaceful_calm,1,0,neutral
1935.0,0.20736666666666667,0.032063461378266,60,0.21034999999999998,0.016243793686615614,60,happy_energetic,1,1,neutral
1936.0,-0.29380000000000006,0.012373089078048917,60,-0.11051666666666664,0.06939368166883463,60,sad_calm,0,0,neutral
1937.0,0.14048333333333335,0.01849098128518032,60,-0.010966666666666668,0.02947313277470781,60,peaceful_calm,1,0,neutral
1938.0,0.19288333333333332,0.013125156083728004,60,0.6061999999999999,0.013333916653906819,60,happy_energetic,1,1,neutral
1939.0,0.20175,0.02090424598018307,60,0.09863333333333332,0.026448671464219566,60,happy_energetic,1,1,neutral
1940.0,0.24715000000000004,0.0168263929586825,60,0.4569333333333334,0.02625316912086784,60,happy_energetic,1,1,neutral
1941.0,0.18088333333333337,0.016161777611251666,60,0.2511333333333334,0.01407772077511919,60,happy_energetic,1,1,neutral
1942.0,0.4364666666666666,0.030849887448020873,60,0.6679833333333335,0.039172052821140516,60,happy_energetic,1,1,happy
1943.0,-0.0582,0.04125239386993196,60,0.25279999999999997,0.05208800245737976,60,angry_energetic,0,1,neutral
1944.0,0.24373333333333333,0.0268345962435725,60,0.23166666666666663,0.08946892694611291,60,happy_energetic,1,1,neutral
1945.0,0.24243333333333333,0.02931630187379635,60,0.47159999999999996,0.02985140979362058,60,happy_energetic,1,1,neutral
1946.0,-0.18168333333333334,0.008032209464953517,60,0.5126333333333333,0.022262050419691575,60,angry_energetic,0,1,neutral
1947.0,0.1788833333333333,0.03576734621908027,60,0.6429833333333332,0.03727308755061157,60,happy_energetic,1,1,neutral
1948.0,0.011283333333333333,0.05134137112396677,60,0.5344833333333334,0.04752314932979739,60,happy_energetic,1,1,neutral
1949.0,-0.5151833333333333,0.034332924754850454,60,0.3536,0.022915206014056836,60,angry_energetic,0,1,sad
1950.0,-0.3726333333333333,0.03582455706479689,60,0.010800000000000002,0.029385824246848456,60,angry_energetic,0,1,sad
1951.0,0.06401666666666668,0.08591167783770079,60,0.022766666666666668,0.019776557390562752,60,happy_energetic,1,1,neutral
1952.0,-0.1071,0.09624165764712632,60,0.16159999999999994,0.13474830858555023,60,angry_energetic,0,1,neutral
1953.0,0.06935000000000001,0.03251606013444228,60,0.18141666666666667,0.04009500869462709,60,happy_energetic,1,1,neutral
1954.0,0.39953333333333335,0.026836211025817742,60,0.40581666666666666,0.030742203166909742,60,happy_energetic,1,1,happy
1955.0,0.12483333333333335,0.034926192018152925,60,0.5833166666666667,0.03851081738363333,60,happy_energetic,1,1,neutral
1956.0,0.17051666666666668,0.014254229391852632,60,0.4574499999999999,0.036297118802094096,60,happy_energetic,1,1,neutral
1957.0,0.0007333333333333337,0.04517737880350691,60,0.42490000000000006,0.01533699231705269,60,happy_energetic,1,1,neutral
1958.0,-0.050416666666666665,0.040087941523050986,60,0.2704000000000001,0.16226441384357818,60,angry_energetic,0,1,neutral
1959.0,0.2520833333333334,0.020609295367759562,60,0.39423333333333327,0.04756201799288541,60,happy_energetic,1,1,neutral
1960.0,-0.035666666666666666,0.024262224868209337,60,0.5194333333333334,0.029419589089962204,60,angry_energetic,0,1,neutral
1961.0,0.2517166666666667,0.020704340661373947,60,0.40851666666666664,0.015499991039423925,60,happy_energetic,1,1,neutral
1962.0,0.019799999999999995,0.016637107120329946,60,0.3926,0.027807193313961046,60,happy_energetic,1,1,neutral
1963.0,-0.23491666666666663,0.10654800039835985,60,0.38119999999999993,0.09137337321853306,60,angry_energetic,0,1,neutral
1964.0,-0.18786666666666665,0.021093021489477407,60,0.64795,0.04536166700346598,60,angry_energetic,0,1,neutral
1965.0,-0.17338333333333333,0.0245513690498559,60,0.08066666666666666,0.02190788797569395,60,angry_energetic,0,1,neutral
1966.0,-0.07126666666666666,0.025520492854871662,60,0.4404166666666667,0.015355011849194031,60,angry_energetic,0,1,neutral
1967.0,-0.07988333333333333,0.026010313125544814,60,0.5596999999999999,0.09516779917598178,60,angry_energetic,0,1,neutral
1968.0,-0.14828333333333335,0.04710028013599164,60,0.6515,0.049709657009478554,60,angry_energetic,0,1,neutral
1969.0,-0.23668333333333333,0.04897090689605639,60,0.5773333333333333,0.035794630261472934,60,angry_energetic,0,1,neutral
1970.0,0.30419999999999997,0.0395085644723605,60,0.5983666666666666,0.03559305487810165,60,happy_energetic,1,1,happy
1971.0,0.25096666666666667,0.00857509313198535,60,0.40399999999999997,0.010405126941400878,60,happy_energetic,1,1,neutral
1972.0,0.4743,0.019195746056526856,60,0.43205,0.031131133933732638,60,happy_energetic,1,1,happy
1973.0,-0.01746666666666667,0.03161037101262109,60,0.29823333333333335,0.021454111235119682,60,angry_energetic,0,1,neutral
1974.0,-0.22355000000000003,0.027699232841362227,60,0.13801666666666668,0.031800676966938224,60,angry_energetic,0,1,neutral
1975.0,0.08193333333333336,0.011494733093416691,60,0.3759333333333334,0.012390677499188216,60,happy_energetic,1,1,neutral
1976.0,-0.039049999999999994,0.022862214095168767,60,0.4119666666666666,0.010644195079426566,60,angry_energetic,0,1,neutral
1977.0,0.09806666666666666,0.02566636363457477,60,0.38111666666666666,0.055851914818463376,60,happy_energetic,1,1,neutral
1978.0,0.3690999999999999,0.08249943434149515,60,0.5230333333333334,0.03512832032547085,60,happy_energetic,1,1,happy
1979.0,0.1495166666666667,0.02552351312461163,60,0.5081833333333333,0.04621272972773722,60,happy_energetic,1,1,neutral
1980.0,0.2113,0.05147144839617397,60,0.43729999999999997,0.028592714689817993,60,happy_energetic,1,1,neutral
1981.0,-0.00145,0.04440661549814397,60,0.4021999999999999,0.018220684216936893,60,angry_energetic,0,1,neutral
1982.0,0.06344999999999999,0.0668865768795703,60,0.1803,0.05746282856479192,60,happy_energetic,1,1,neutral
1983.0,-0.2475166666666667,0.04578081536577909,60,0.02033333333333333,0.01933793048791818,60,angry_energetic,0,1,neutral
1984.0,0.021933333333333336,0.0212327315456323,60,-0.09476666666666665,0.029728979501863536,60,peaceful_calm,1,0,neutral
1985.0,0.06199999999999999,0.01806746615697213,60,0.27576666666666666,0.015484795409978418,60,happy_energetic,1,1,neutral
1986.0,0.09263333333333333,0.026210663648387252,60,0.40958333333333335,0.016213463198493056,60,happy_energetic,1,1,neutral
1987.0,0.5117666666666667,0.042505045452144744,60,0.49026666666666663,0.060180524719842345,60,happy_energetic,1,1,happy
1988.0,0.22561666666666672,0.015252422394127723,60,0.43523333333333336,0.01905987641326378,60,happy_energetic,1,1,neutral
1989.0,0.18383333333333332,0.07993417430750269,60,0.471,0.12151803706994832,60,happy_energetic,1,1,neutral
1990.0,-0.041850000000000005,0.05193708533729374,60,0.11466666666666667,0.09783841554090884,60,angry_energetic,0,1,neutral
1991.0,0.11088333333333332,0.05343721913506436,60,0.4575166666666667,0.01937566486314441,60,happy_energetic,1,1,neutral
1992.0,0.09695000000000001,0.012152400311598255,60,0.6627666666666667,0.016778325966025992,60,happy_energetic,1,1,neutral
1993.0,-0.2646333333333334,0.04216513831222291,60,0.5691999999999999,0.04386904755443561,60,angry_energetic,0,1,neutral
1994.0,-0.055,0.03001888294612798,60,0.07721666666666667,0.04711903071536548,60,angry_energetic,0,1,neutral
1995.0,0.0040500000000000015,0.0346917016974761,60,0.19998333333333335,0.017327715435746925,60,happy_energetic,1,1,neutral
1996.0,0.016883333333333337,0.03767496589985923,60,0.5115999999999999,0.01616498273016916,60,happy_energetic,1,1,neutral
1997.0,0.18330000000000002,0.027133804254717647,60,0.16968333333333335,0.06624864568846336,60,happy_energetic,1,1,neutral
1998.0,0.48251666666666665,0.041276907049287936,60,0.5137833333333334,0.011422334359587906,60,happy_energetic,1,1,happy
1999.0,0.11965,0.025679320473875472,60,0.4365833333333333,0.010936622980711293,60,happy_energetic,1,1,neutral
2000.0,0.4227166666666666,0.012337060247707133,60,0.4671666666666666,0.04648805103345255,60,happy_energetic,1,1,happy
2001.0,-0.38588111888111887,0.19418814283660196,572,0.38587762237762246,0.3519911479575882,572,angry_energetic,0,1,sad
2002.0,0.37800873362445414,0.16151839543365268,229,0.1346434782608696,0.3435109311925477,230,happy_energetic,1,1,happy
2003.0,0.13303030303030303,0.1252408033429445,462,0.056497835497835505,0.28062873710750474,462,happy_energetic,1,1,neutral
2004.0,0.0615754189944134,0.12389362286589094,358,0.12764804469273744,0.20586788390778293,358,happy_energetic,1,1,neutral
2005.0,-0.16904938271604938,0.21683369067836114,486,-0.04446502057613168,0.34120918756942886,486,sad_calm,0,0,neutral
2006.0,0.0071973244147157224,0.09513151182093255,299,-0.19987959866220736,0.13222575791182792,299,peaceful_calm,1,0,neutral
2007.0,-0.3412839059674503,0.11700249936870068,553,-0.022878842676311014,0.18545681288070429,553,sad_calm,0,0,sad
2008.0,0.209571072319202,0.06024335984226432,401,-0.061037406483790524,0.08738313091401577,401,peaceful_calm,1,0,neutral
2009.0,0.15535000000000004,0.17239548942106134,440,0.02958181818181818,0.11152581289615764,440,happy_energetic,1,1,neutral
2010.0,0.2540427807486631,0.14031148804652074,374,0.2134652406417112,0.09405353248871196,374,happy_energetic,1,1,neutral
2011.0,-0.09591823385118561,0.101819489093534,1223,0.05940196078431372,0.25402923355280055,1224,angry_energetic,0,1,neutral
2012.0,-0.42255298651252887,0.1272924075466372,692,0.08332610789980337,0.27166736842669226,692,angry_energetic,0,1,sad
2013.0,0.03720240480961923,0.23631960355475592,499,0.18798396793587174,0.2952257920305187,499,happy_energetic,1,1,neutral
2014.0,-0.4841426718547341,0.174347076605107,771,0.3447730220492866,0.36466392907145995,771,angry_energetic,0,1,sad
2015.0,0.2911936507936508,0.18737978738805405,315,0.1402984126984127,0.14208926267986982,315,happy_energetic,1,1,neutral
2016.0,0.5192289156626507,0.06864529491000854,83,0.48159036144578315,0.07382673237467828,83,happy_energetic,1,1,happy
2017.0,0.4884803921568382,0.06042384020571539,68,0.4332598039215736,0.12707153877235197,68,happy_energetic,1,1,happy
2018.0,0.4008568738229548,0.06374435645654439,177,0.4567608286252542,0.054967523800495695,177,happy_energetic,1,1,happy
2019.0,0.454169696969697,0.05046614517673291,330,0.5432424242424243,0.07660727487530161,330,happy_energetic,1,1,happy
2020.0,0.43233237822349574,0.10063946607651694,349,0.4033333333333334,0.1307165633092136,348,happy_energetic,1,1,happy
2021.0,-0.05375838926174496,0.047212734462135315,596,-0.054167785234899325,0.11727624147523616,596,sad_calm,0,0,neutral
2022.0,-0.26331677018633537,0.0684759033973999,483,0.025519668737060044,0.16355780765661698,483,angry_energetic,0,1,neutral
2023.0,0.1321748878923767,0.07104180476374858,446,-0.19632735426008968,0.12613278829525093,446,peaceful_calm,1,0,neutral
2024.0,0.3312123552123552,0.049801742866314155,777,-0.048324324324324326,0.08968159227302908,777,peaceful_calm,1,0,happy
2025.0,0.238239907727797,0.07101224043806115,867,-0.07467589388696655,0.06470916146933806,867,peaceful_calm,1,0,neutral
2026.0,0.229552353506244,0.10634724355638119,1041,-0.0774774255523535,0.07868615976290196,1041,peaceful_calm,1,0,neutral
2027.0,0.19910638297872343,0.05558428551431614,423,0.24343867924528304,0.18879732572795938,424,happy_energetic,1,1,neutral
2028.0,-0.29634375,0.15858742735070544,576,0.2813611111111112,0.24715721523599077,576,angry_energetic,0,1,neutral
2029.0,-0.08841907824222256,0.062098958186065555,311,0.08295284030011325,0.09120804061045479,311,angry_energetic,0,1,neutral
2030.0,-0.14192292870905587,0.17575660235119298,519,0.33252408477842005,0.31775334118795423,519,angry_energetic,0,1,neutral
2031.0,-0.052265957446808516,0.030613470658934168,188,-0.10940425531914895,0.10914340743328284,188,sad_calm,0,0,neutral
2032.0,0.11289808917197452,0.096565590046673,314,0.14719108280254772,0.11857485118901195,314,happy_energetic,1,1,neutral
2033.0,-0.37585669781933134,0.2171178640729266,428,0.3988629283488801,0.23068260687755435,428,angry_energetic,0,1,sad
2034.0,0.30579274611398966,0.02501975487309249,193,0.034466321243523314,0.03537116526300209,193,happy_energetic,1,1,happy
2035.0,-0.35534065934065934,0.06144026309542953,182,0.055362637362637405,0.2462023431425227,182,angry_energetic,0,1,sad
2036.0,-0.27368468468467033,0.038937357299507,555,0.059795427196172556,0.07989274214747878,554,angry_energetic,0,1,neutral
2037.0,0.38376576576576577,0.10251963453238527,333,0.017951951951951952,0.1598380489607818,333,happy_energetic,1,1,happy
2038.0,-0.15542920353982298,0.04383498659527717,452,-0.14053982300884957,0.08150753647745429,452,sad_calm,0,0,neutral
2039.0,0.14270182555780933,0.04054860025288858,493,0.01324949290060853,0.1330078183458482,493,happy_energetic,1,1,neutral
2040.0,-0.31447901234567904,0.10542367283530898,405,0.444479012345679,0.12910922805669203,405,angry_energetic,0,1,sad
2041.0,-0.06822222222222223,0.026083815520333013,270,-0.299362962962963,0.11019475065856056,270,sad_calm,0,0,neutral
2042.0,-0.020460921843687366,0.1318780786606111,499,-0.006289156626506023,0.114518218692668,498,sad_calm,0,0,neutral
2043.0,0.15540740740740738,0.13392287684776263,513,-0.06139961013645225,0.19013600897825586,513,peaceful_calm,1,0,neutral
2044.0,0.2579851851851852,0.049142571901701015,270,0.11679999999999999,0.12333722516382112,270,happy_energetic,1,1,neutral
2045.0,-0.0017671232876712345,0.04854683391844774,146,-0.4190884353741497,0.0952616822103827,147,sad_calm,0,0,neutral
2046.0,0.2096268656716418,0.1230250351686017,536,0.18036940298507462,0.15788543727218368,536,happy_energetic,1,1,neutral
2047.0,0.24129326047358834,0.045716911951350026,549,0.1582440801457195,0.13586591545439025,549,happy_energetic,1,1,neutral
2048.0,0.26556043956043957,0.11924750713864483,273,-0.2852820512820513,0.07223068666035191,273,peaceful_calm,1,0,neutral
2049.0,-0.05333333333333334,0.03671109548007236,537,-0.18337802607076348,0.07834855346460198,537,sad_calm,0,0,neutral
2050.0,-0.12324489795918367,0.043537003080534674,392,-0.21289795918367352,0.07319633784135712,392,sad_calm,0,0,neutral
2051.0,-0.4112530612244898,0.05608191203922922,490,0.10531428571428571,0.0732408049532778,490,angry_energetic,0,1,sad
2052.0,-0.4607114845938375,0.06740752110645777,357,0.1028515406162465,0.0849815457253691,357,angry_energetic,0,1,sad
2053.0,-0.25359803921568624,0.0628859471511442,408,-0.18377941176470589,0.12347302780661211,408,sad_calm,0,0,neutral
2054.0,0.0952375,0.017534069514804598,160,-0.1691375,0.066257309738247,160,peaceful_calm,1,0,neutral
2055.0,0.08247672253258846,0.04314191986448219,537,0.13355307262569832,0.11118033346842097,537,happy_energetic,1,1,neutral
2056.0,0.15421639344262295,0.033592237492903465,305,0.0028196721311475404,0.034122973462541166,305,happy_energetic,1,1,neutral
2057.0,-0.3676268656716442,0.11736478437577831,335,0.4884527363184239,0.13381010159377335,335,angry_energetic,0,1,sad
2058.0,-0.33976833976833976,0.07911084302493696,518,0.27992664092664094,0.2528790560965236,518,angry_energetic,0,1,sad
